time_stamp,state,optimal_action,value
40,0,AM,26.02572838
40,1,AM,38.168188
40,2,AM,38.168188
40,3,AM,38.168188
40,4,AM,38.168188
40,5,B,25.3738
40,6,B,25.3738
40,7,B,25.3738
40,8,B,25.3738
40,9,B,25.3738
40,10,B,25.3738
40,11,B,25.3738
40,12,B,25.3738
40,13,B,25.3738
40,14,B,25.3738
40,15,B,25.3738
40,16,B,25.3738
40,17,B,25.3738
40,18,B,25.3738
40,19,B,25.3738
40,20,B,25.3738
40,21,B,25.3738
40,22,B,25.3738
40,23,B,25.3738
40,24,B,25.3738
40,25,B,25.3738
40,26,B,25.3738
40,27,B,25.3738
40,28,B,25.3738
40,29,B,25.3738
40,30,B,25.3738
40,31,B,25.3738
40,32,B,25.3738
40,33,B,25.3738
40,34,B,25.3738
40,35,B,25.3738
40,36,B,25.3738
40,37,B,25.3738
40,38,B,25.3738
40,39,B,25.3738
40,40,B,25.3738
40,41,B,25.3738
40,42,B,25.3738
40,43,B,25.3738
40,44,B,25.3738
40,45,B,25.3738
40,46,B,25.3738
40,47,B,25.3738
40,48,B,25.3738
40,49,B,25.3738
40,50,B,25.3738
40,51,B,25.3738
40,52,B,25.3738
40,53,B,25.3738
40,54,B,25.3738
40,55,B,25.3738
40,56,B,25.3738
40,57,B,25.3738
40,58,B,25.3738
40,59,B,25.3738
40,60,B,25.3738
40,61,B,25.3738
40,62,B,25.3738
40,63,B,25.3738
40,64,B,25.3738
40,65,B,25.3738
40,66,B,25.3738
40,67,B,25.3738
40,68,B,25.3738
40,69,B,25.3738
40,70,B,25.3738
40,71,B,25.3738
40,72,B,25.3738
40,73,B,25.3738
40,74,B,25.3738
40,75,B,25.3738
40,76,B,25.3738
40,77,B,25.3738
40,78,B,25.3738
40,79,B,25.3738
40,80,B,25.3738
40,81,B,25.3738
40,82,B,25.3738
40,83,B,25.3738
40,84,B,25.3738
40,85,B,25.3738
40,86,B,25.3738
40,87,B,25.3738
40,88,B,25.3738
40,89,B,25.3738
40,90,B,25.3738
40,91,B,25.3738
40,92,B,25.3738
40,93,B,25.3738
40,94,B,25.3738
40,95,B,25.3738
40,96,B,25.3738
40,97,B,25.3738
40,98,B,25.3738
40,99,B,25.3738
40,100,None,-100.0
41,0,AM,0.99978
41,1,B,37.1702
41,2,B,37.1702
41,3,B,37.1702
41,4,B,37.1702
41,5,B,24.8722
41,6,B,24.8722
41,7,B,24.8722
41,8,B,24.8722
41,9,B,24.8722
41,10,B,24.8722
41,11,B,24.8722
41,12,B,24.8722
41,13,B,24.8722
41,14,B,24.8722
41,15,B,24.8722
41,16,B,24.8722
41,17,B,24.8722
41,18,B,24.8722
41,19,B,24.8722
41,20,B,24.8722
41,21,B,24.8722
41,22,B,24.8722
41,23,B,24.8722
41,24,B,24.8722
41,25,B,24.8722
41,26,B,24.8722
41,27,B,24.8722
41,28,B,24.8722
41,29,B,24.8722
41,30,B,24.8722
41,31,B,24.8722
41,32,B,24.8722
41,33,B,24.8722
41,34,B,24.8722
41,35,B,24.8722
41,36,B,24.8722
41,37,B,24.8722
41,38,B,24.8722
41,39,B,24.8722
41,40,B,24.8722
41,41,B,24.8722
41,42,B,24.8722
41,43,B,24.8722
41,44,B,24.8722
41,45,B,24.8722
41,46,B,24.8722
41,47,B,24.8722
41,48,B,24.8722
41,49,B,24.8722
41,50,B,24.8722
41,51,B,24.8722
41,52,B,24.8722
41,53,B,24.8722
41,54,B,24.8722
41,55,B,24.8722
41,56,B,24.8722
41,57,B,24.8722
41,58,B,24.8722
41,59,B,24.8722
41,60,B,24.8722
41,61,B,24.8722
41,62,B,24.8722
41,63,B,24.8722
41,64,B,24.8722
41,65,B,24.8722
41,66,B,24.8722
41,67,B,24.8722
41,68,B,24.8722
41,69,B,24.8722
41,70,B,24.8722
41,71,B,24.8722
41,72,B,24.8722
41,73,B,24.8722
41,74,B,24.8722
41,75,B,24.8722
41,76,B,24.8722
41,77,B,24.8722
41,78,B,24.8722
41,79,B,24.8722
41,80,B,24.8722
41,81,B,24.8722
41,82,B,24.8722
41,83,B,24.8722
41,84,B,24.8722
41,85,B,24.8722
41,86,B,24.8722
41,87,B,24.8722
41,88,B,24.8722
41,89,B,24.8722
41,90,B,24.8722
41,91,B,24.8722
41,92,B,24.8722
41,93,B,24.8722
41,94,B,24.8722
41,95,B,24.8722
41,96,B,24.8722
41,97,B,24.8722
41,98,B,24.8722
41,99,B,24.8722
41,100,None,-100.0
42,0,AM,36.386607
42,1,B,36.2759
42,2,B,36.2759
42,3,B,36.2759
42,4,B,36.2759
42,5,B,24.3716
42,6,B,24.3716
42,7,B,24.3716
42,8,B,24.3716
42,9,B,24.3716
42,10,B,24.3716
42,11,B,24.3716
42,12,B,24.3716
42,13,B,24.3716
42,14,B,24.3716
42,15,B,24.3716
42,16,B,24.3716
42,17,B,24.3716
42,18,B,24.3716
42,19,B,24.3716
42,20,B,24.3716
42,21,B,24.3716
42,22,B,24.3716
42,23,B,24.3716
42,24,B,24.3716
42,25,B,24.3716
42,26,B,24.3716
42,27,B,24.3716
42,28,B,24.3716
42,29,B,24.3716
42,30,B,24.3716
42,31,B,24.3716
42,32,B,24.3716
42,33,B,24.3716
42,34,B,24.3716
42,35,B,24.3716
42,36,B,24.3716
42,37,B,24.3716
42,38,B,24.3716
42,39,B,24.3716
42,40,B,24.3716
42,41,B,24.3716
42,42,B,24.3716
42,43,B,24.3716
42,44,B,24.3716
42,45,B,24.3716
42,46,B,24.3716
42,47,B,24.3716
42,48,B,24.3716
42,49,B,24.3716
42,50,B,24.3716
42,51,B,24.3716
42,52,B,24.3716
42,53,B,24.3716
42,54,B,24.3716
42,55,B,24.3716
42,56,B,24.3716
42,57,B,24.3716
42,58,B,24.3716
42,59,B,24.3716
42,60,B,24.3716
42,61,B,24.3716
42,62,B,24.3716
42,63,B,24.3716
42,64,B,24.3716
42,65,B,24.3716
42,66,B,24.3716
42,67,B,24.3716
42,68,B,24.3716
42,69,B,24.3716
42,70,B,24.3716
42,71,B,24.3716
42,72,B,24.3716
42,73,B,24.3716
42,74,B,24.3716
42,75,B,24.3716
42,76,B,24.3716
42,77,B,24.3716
42,78,B,24.3716
42,79,B,24.3716
42,80,B,24.3716
42,81,B,24.3716
42,82,B,24.3716
42,83,B,24.3716
42,84,B,24.3716
42,85,B,24.3716
42,86,B,24.3716
42,87,B,24.3716
42,88,B,24.3716
42,89,B,24.3716
42,90,B,24.3716
42,91,B,24.3716
42,92,B,24.3716
42,93,B,24.3716
42,94,B,24.3716
42,95,B,24.3716
42,96,B,24.3716
42,97,B,24.3716
42,98,B,24.3716
42,99,B,24.3716
42,100,None,-100.0
43,0,AM,56.381380999999976
43,1,B,35.3869
43,2,B,35.3869
43,3,B,35.3869
43,4,B,35.3869
43,5,B,23.87
43,6,B,23.87
43,7,B,23.87
43,8,B,23.87
43,9,B,23.87
43,10,B,23.87
43,11,B,23.87
43,12,B,23.87
43,13,B,23.87
43,14,B,23.87
43,15,B,23.87
43,16,B,23.87
43,17,B,23.87
43,18,B,23.87
43,19,B,23.87
43,20,B,23.87
43,21,B,23.87
43,22,B,23.87
43,23,B,23.87
43,24,B,23.87
43,25,B,23.87
43,26,B,23.87
43,27,B,23.87
43,28,B,23.87
43,29,B,23.87
43,30,B,23.87
43,31,B,23.87
43,32,B,23.87
43,33,B,23.87
43,34,B,23.87
43,35,B,23.87
43,36,B,23.87
43,37,B,23.87
43,38,B,23.87
43,39,B,23.87
43,40,B,23.87
43,41,B,23.87
43,42,B,23.87
43,43,B,23.87
43,44,B,23.87
43,45,B,23.87
43,46,B,23.87
43,47,B,23.87
43,48,B,23.87
43,49,B,23.87
43,50,B,23.87
43,51,B,23.87
43,52,B,23.87
43,53,B,23.87
43,54,B,23.87
43,55,B,23.87
43,56,B,23.87
43,57,B,23.87
43,58,B,23.87
43,59,B,23.87
43,60,B,23.87
43,61,B,23.87
43,62,B,23.87
43,63,B,23.87
43,64,B,23.87
43,65,B,23.87
43,66,B,23.87
43,67,B,23.87
43,68,B,23.87
43,69,B,23.87
43,70,B,23.87
43,71,B,23.87
43,72,B,23.87
43,73,B,23.87
43,74,B,23.87
43,75,B,23.87
43,76,B,23.87
43,77,B,23.87
43,78,B,23.87
43,79,B,23.87
43,80,B,23.87
43,81,B,23.87
43,82,B,23.87
43,83,B,23.87
43,84,B,23.87
43,85,B,23.87
43,86,B,23.87
43,87,B,23.87
43,88,B,23.87
43,89,B,23.87
43,90,B,23.87
43,91,B,23.87
43,92,B,23.87
43,93,B,23.87
43,94,B,23.87
43,95,B,23.87
43,96,B,23.87
43,97,B,23.87
43,98,B,23.87
43,99,B,23.87
43,100,None,-100.0
44,0,AM,55.38174099999998
44,1,B,34.505
44,2,B,34.505
44,3,B,34.505
44,4,B,34.505
44,5,B,23.3686
44,6,B,23.3686
44,7,B,23.3686
44,8,B,23.3686
44,9,B,23.3686
44,10,B,23.3686
44,11,B,23.3686
44,12,B,23.3686
44,13,B,23.3686
44,14,B,23.3686
44,15,B,23.3686
44,16,B,23.3686
44,17,B,23.3686
44,18,B,23.3686
44,19,B,23.3686
44,20,B,23.3686
44,21,B,23.3686
44,22,B,23.3686
44,23,B,23.3686
44,24,B,23.3686
44,25,B,23.3686
44,26,B,23.3686
44,27,B,23.3686
44,28,B,23.3686
44,29,B,23.3686
44,30,B,23.3686
44,31,B,23.3686
44,32,B,23.3686
44,33,B,23.3686
44,34,B,23.3686
44,35,B,23.3686
44,36,B,23.3686
44,37,B,23.3686
44,38,B,23.3686
44,39,B,23.3686
44,40,B,23.3686
44,41,B,23.3686
44,42,B,23.3686
44,43,B,23.3686
44,44,B,23.3686
44,45,B,23.3686
44,46,B,23.3686
44,47,B,23.3686
44,48,B,23.3686
44,49,B,23.3686
44,50,B,23.3686
44,51,B,23.3686
44,52,B,23.3686
44,53,B,23.3686
44,54,B,23.3686
44,55,B,23.3686
44,56,B,23.3686
44,57,B,23.3686
44,58,B,23.3686
44,59,B,23.3686
44,60,B,23.3686
44,61,B,23.3686
44,62,B,23.3686
44,63,B,23.3686
44,64,B,23.3686
44,65,B,23.3686
44,66,B,23.3686
44,67,B,23.3686
44,68,B,23.3686
44,69,B,23.3686
44,70,B,23.3686
44,71,B,23.3686
44,72,B,23.3686
44,73,B,23.3686
44,74,B,23.3686
44,75,B,23.3686
44,76,B,23.3686
44,77,B,23.3686
44,78,B,23.3686
44,79,B,23.3686
44,80,B,23.3686
44,81,B,23.3686
44,82,B,23.3686
44,83,B,23.3686
44,84,B,23.3686
44,85,B,23.3686
44,86,B,23.3686
44,87,B,23.3686
44,88,B,23.3686
44,89,B,23.3686
44,90,B,23.3686
44,91,B,23.3686
44,92,B,23.3686
44,93,B,23.3686
44,94,B,23.3686
44,95,B,23.3686
44,96,B,23.3686
44,97,B,23.3686
44,98,B,23.3686
44,99,B,23.3686
44,100,None,-100.0
45,0,AM,54.38217599999998
45,1,B,33.6305
45,2,B,33.6305
45,3,B,33.6305
45,4,B,33.6305
45,5,B,22.8678
45,6,B,22.8678
45,7,B,22.8678
45,8,B,22.8678
45,9,B,22.8678
45,10,B,22.8678
45,11,B,22.8678
45,12,B,22.8678
45,13,B,22.8678
45,14,B,22.8678
45,15,B,22.8678
45,16,B,22.8678
45,17,B,22.8678
45,18,B,22.8678
45,19,B,22.8678
45,20,B,22.8678
45,21,B,22.8678
45,22,B,22.8678
45,23,B,22.8678
45,24,B,22.8678
45,25,B,22.8678
45,26,B,22.8678
45,27,B,22.8678
45,28,B,22.8678
45,29,B,22.8678
45,30,B,22.8678
45,31,B,22.8678
45,32,B,22.8678
45,33,B,22.8678
45,34,B,22.8678
45,35,B,22.8678
45,36,B,22.8678
45,37,B,22.8678
45,38,B,22.8678
45,39,B,22.8678
45,40,B,22.8678
45,41,B,22.8678
45,42,B,22.8678
45,43,B,22.8678
45,44,B,22.8678
45,45,B,22.8678
45,46,B,22.8678
45,47,B,22.8678
45,48,B,22.8678
45,49,B,22.8678
45,50,B,22.8678
45,51,B,22.8678
45,52,B,22.8678
45,53,B,22.8678
45,54,B,22.8678
45,55,B,22.8678
45,56,B,22.8678
45,57,B,22.8678
45,58,B,22.8678
45,59,B,22.8678
45,60,B,22.8678
45,61,B,22.8678
45,62,B,22.8678
45,63,B,22.8678
45,64,B,22.8678
45,65,B,22.8678
45,66,B,22.8678
45,67,B,22.8678
45,68,B,22.8678
45,69,B,22.8678
45,70,B,22.8678
45,71,B,22.8678
45,72,B,22.8678
45,73,B,22.8678
45,74,B,22.8678
45,75,B,22.8678
45,76,B,22.8678
45,77,B,22.8678
45,78,B,22.8678
45,79,B,22.8678
45,80,B,22.8678
45,81,B,22.8678
45,82,B,22.8678
45,83,B,22.8678
45,84,B,22.8678
45,85,B,22.8678
45,86,B,22.8678
45,87,B,22.8678
45,88,B,22.8678
45,89,B,22.8678
45,90,B,22.8678
45,91,B,22.8678
45,92,B,22.8678
45,93,B,22.8678
45,94,B,22.8678
45,95,B,22.8678
45,96,B,22.8678
45,97,B,22.8678
45,98,B,22.8678
45,99,B,22.8678
45,100,None,-100.0
46,0,AM,53.38270099999998
46,1,AM,32.896531
46,2,B,32.7623
46,3,B,32.7623
46,4,B,32.7623
46,5,B,32.7623
46,6,B,32.7623
46,7,B,32.7623
46,8,B,32.7623
46,9,B,22.3674
46,10,B,22.3674
46,11,B,22.3674
46,12,B,22.3674
46,13,B,22.3674
46,14,B,22.3674
46,15,B,22.3674
46,16,B,22.3674
46,17,B,22.3674
46,18,B,22.3674
46,19,B,22.3674
46,20,B,22.3674
46,21,B,22.3674
46,22,B,22.3674
46,23,B,22.3674
46,24,B,22.3674
46,25,B,22.3674
46,26,B,22.3674
46,27,B,22.3674
46,28,B,22.3674
46,29,B,22.3674
46,30,B,22.3674
46,31,B,22.3674
46,32,B,22.3674
46,33,B,22.3674
46,34,B,22.3674
46,35,B,22.3674
46,36,B,22.3674
46,37,B,22.3674
46,38,B,22.3674
46,39,B,22.3674
46,40,B,22.3674
46,41,B,22.3674
46,42,B,22.3674
46,43,B,22.3674
46,44,B,22.3674
46,45,B,22.3674
46,46,B,22.3674
46,47,B,22.3674
46,48,B,22.3674
46,49,B,22.3674
46,50,B,22.3674
46,51,B,22.3674
46,52,B,22.3674
46,53,B,22.3674
46,54,B,22.3674
46,55,B,22.3674
46,56,B,22.3674
46,57,B,22.3674
46,58,B,22.3674
46,59,B,22.3674
46,60,B,22.3674
46,61,B,22.3674
46,62,B,22.3674
46,63,B,22.3674
46,64,B,22.3674
46,65,B,22.3674
46,66,B,22.3674
46,67,B,22.3674
46,68,B,22.3674
46,69,B,22.3674
46,70,B,22.3674
46,71,B,22.3674
46,72,B,22.3674
46,73,B,22.3674
46,74,B,22.3674
46,75,B,22.3674
46,76,B,22.3674
46,77,B,22.3674
46,78,B,22.3674
46,79,B,22.3674
46,80,B,22.3674
46,81,B,22.3674
46,82,B,22.3674
46,83,B,22.3674
46,84,B,22.3674
46,85,B,22.3674
46,86,B,22.3674
46,87,B,22.3674
46,88,B,22.3674
46,89,B,22.3674
46,90,B,22.3674
46,91,B,22.3674
46,92,B,22.3674
46,93,B,22.3674
46,94,B,22.3674
46,95,B,22.3674
46,96,B,22.3674
46,97,B,22.3674
46,98,B,22.3674
46,99,B,22.3674
46,100,None,-100.0
47,0,AM,52.383341999999985
47,1,AM,51.878314999999986
47,2,B,31.8993
47,3,B,31.8993
47,4,B,31.8993
47,5,B,31.8993
47,6,B,31.8993
47,7,B,31.8993
47,8,B,31.8993
47,9,B,21.8668
47,10,B,21.8668
47,11,B,21.8668
47,12,B,21.8668
47,13,B,21.8668
47,14,B,21.8668
47,15,B,21.8668
47,16,B,21.8668
47,17,B,21.8668
47,18,B,21.8668
47,19,B,21.8668
47,20,B,21.8668
47,21,B,21.8668
47,22,B,21.8668
47,23,B,21.8668
47,24,B,21.8668
47,25,B,21.8668
47,26,B,21.8668
47,27,B,21.8668
47,28,B,21.8668
47,29,B,21.8668
47,30,B,21.8668
47,31,B,21.8668
47,32,B,21.8668
47,33,B,21.8668
47,34,B,21.8668
47,35,B,21.8668
47,36,B,21.8668
47,37,B,21.8668
47,38,B,21.8668
47,39,B,21.8668
47,40,B,21.8668
47,41,B,21.8668
47,42,B,21.8668
47,43,B,21.8668
47,44,B,21.8668
47,45,B,21.8668
47,46,B,21.8668
47,47,B,21.8668
47,48,B,21.8668
47,49,B,21.8668
47,50,B,21.8668
47,51,B,21.8668
47,52,B,21.8668
47,53,B,21.8668
47,54,B,21.8668
47,55,B,21.8668
47,56,B,21.8668
47,57,B,21.8668
47,58,B,21.8668
47,59,B,21.8668
47,60,B,21.8668
47,61,B,21.8668
47,62,B,21.8668
47,63,B,21.8668
47,64,B,21.8668
47,65,B,21.8668
47,66,B,21.8668
47,67,B,21.8668
47,68,B,21.8668
47,69,B,21.8668
47,70,B,21.8668
47,71,B,21.8668
47,72,B,21.8668
47,73,B,21.8668
47,74,B,21.8668
47,75,B,21.8668
47,76,B,21.8668
47,77,B,21.8668
47,78,B,21.8668
47,79,B,21.8668
47,80,B,21.8668
47,81,B,21.8668
47,82,B,21.8668
47,83,B,21.8668
47,84,B,21.8668
47,85,B,21.8668
47,86,B,21.8668
47,87,B,21.8668
47,88,B,21.8668
47,89,B,21.8668
47,90,B,21.8668
47,91,B,21.8668
47,92,B,21.8668
47,93,B,21.8668
47,94,B,21.8668
47,95,B,21.8668
47,96,B,21.8668
47,97,B,21.8668
47,98,B,21.8668
47,99,B,21.8668
47,100,None,-100.0
48,0,AM,51.38406699999999
48,1,AM,50.881301999999984
48,2,B,31.0401
48,3,B,31.0401
48,4,B,31.0401
48,5,B,31.0401
48,6,B,31.0401
48,7,B,31.0401
48,8,B,31.0401
48,9,B,21.3657
48,10,B,21.3657
48,11,B,21.3657
48,12,B,21.3657
48,13,B,21.3657
48,14,B,21.3657
48,15,B,21.3657
48,16,B,21.3657
48,17,B,21.3657
48,18,B,21.3657
48,19,B,21.3657
48,20,B,21.3657
48,21,B,21.3657
48,22,B,21.3657
48,23,B,21.3657
48,24,B,21.3657
48,25,B,21.3657
48,26,B,21.3657
48,27,B,21.3657
48,28,B,21.3657
48,29,B,21.3657
48,30,B,21.3657
48,31,B,21.3657
48,32,B,21.3657
48,33,B,21.3657
48,34,B,21.3657
48,35,B,21.3657
48,36,B,21.3657
48,37,B,21.3657
48,38,B,21.3657
48,39,B,21.3657
48,40,B,21.3657
48,41,B,21.3657
48,42,B,21.3657
48,43,B,21.3657
48,44,B,21.3657
48,45,B,21.3657
48,46,B,21.3657
48,47,B,21.3657
48,48,B,21.3657
48,49,B,21.3657
48,50,B,21.3657
48,51,B,21.3657
48,52,B,21.3657
48,53,B,21.3657
48,54,B,21.3657
48,55,B,21.3657
48,56,B,21.3657
48,57,B,21.3657
48,58,B,21.3657
48,59,B,21.3657
48,60,B,21.3657
48,61,B,21.3657
48,62,B,21.3657
48,63,B,21.3657
48,64,B,21.3657
48,65,B,21.3657
48,66,B,21.3657
48,67,B,21.3657
48,68,B,21.3657
48,69,B,21.3657
48,70,B,21.3657
48,71,B,21.3657
48,72,B,21.3657
48,73,B,21.3657
48,74,B,21.3657
48,75,B,21.3657
48,76,B,21.3657
48,77,B,21.3657
48,78,B,21.3657
48,79,B,21.3657
48,80,B,21.3657
48,81,B,21.3657
48,82,B,21.3657
48,83,B,21.3657
48,84,B,21.3657
48,85,B,21.3657
48,86,B,21.3657
48,87,B,21.3657
48,88,B,21.3657
48,89,B,21.3657
48,90,B,21.3657
48,91,B,21.3657
48,92,B,21.3657
48,93,B,21.3657
48,94,B,21.3657
48,95,B,21.3657
48,96,B,21.3657
48,97,B,21.3657
48,98,B,21.3657
48,99,B,21.3657
48,100,None,-100.0
49,0,AM,50.38492699999999
49,1,AM,49.884492999999985
49,2,AM,49.884492999999985
49,3,B,30.1862
49,4,B,30.1862
49,5,B,30.1862
49,6,B,30.1862
49,7,B,30.1862
49,8,B,30.1862
49,9,B,20.8649
49,10,B,20.8649
49,11,B,20.8649
49,12,B,20.8649
49,13,B,20.8649
49,14,B,20.8649
49,15,B,20.8649
49,16,B,20.8649
49,17,B,20.8649
49,18,B,20.8649
49,19,B,20.8649
49,20,B,20.8649
49,21,B,20.8649
49,22,B,20.8649
49,23,B,20.8649
49,24,B,20.8649
49,25,B,20.8649
49,26,B,20.8649
49,27,B,20.8649
49,28,B,20.8649
49,29,B,20.8649
49,30,B,20.8649
49,31,B,20.8649
49,32,B,20.8649
49,33,B,20.8649
49,34,B,20.8649
49,35,B,20.8649
49,36,B,20.8649
49,37,B,20.8649
49,38,B,20.8649
49,39,B,20.8649
49,40,B,20.8649
49,41,B,20.8649
49,42,B,20.8649
49,43,B,20.8649
49,44,B,20.8649
49,45,B,20.8649
49,46,B,20.8649
49,47,B,20.8649
49,48,B,20.8649
49,49,B,20.8649
49,50,B,20.8649
49,51,B,20.8649
49,52,B,20.8649
49,53,B,20.8649
49,54,B,20.8649
49,55,B,20.8649
49,56,B,20.8649
49,57,B,20.8649
49,58,B,20.8649
49,59,B,20.8649
49,60,B,20.8649
49,61,B,20.8649
49,62,B,20.8649
49,63,B,20.8649
49,64,B,20.8649
49,65,B,20.8649
49,66,B,20.8649
49,67,B,20.8649
49,68,B,20.8649
49,69,B,20.8649
49,70,B,20.8649
49,71,B,20.8649
49,72,B,20.8649
49,73,B,20.8649
49,74,B,20.8649
49,75,B,20.8649
49,76,B,20.8649
49,77,B,20.8649
49,78,B,20.8649
49,79,B,20.8649
49,80,B,20.8649
49,81,B,20.8649
49,82,B,20.8649
49,83,B,20.8649
49,84,B,20.8649
49,85,B,20.8649
49,86,B,20.8649
49,87,B,20.8649
49,88,B,20.8649
49,89,B,20.8649
49,90,B,20.8649
49,91,B,20.8649
49,92,B,20.8649
49,93,B,20.8649
49,94,B,20.8649
49,95,B,20.8649
49,96,B,20.8649
49,97,B,20.8649
49,98,B,20.8649
49,99,B,20.8649
49,100,None,-100.0
50,0,AM,49.38592799999999
50,1,AM,48.888032999999986
50,2,AM,48.888032999999986
50,3,B,29.339
50,4,B,29.339
50,5,B,29.339
50,6,B,29.339
50,7,B,29.339
50,8,B,29.339
50,9,B,20.365
50,10,B,20.365
50,11,B,20.365
50,12,B,20.365
50,13,B,20.365
50,14,B,20.365
50,15,B,20.365
50,16,B,20.365
50,17,B,20.365
50,18,B,20.365
50,19,B,20.365
50,20,B,20.365
50,21,B,20.365
50,22,B,20.365
50,23,B,20.365
50,24,B,20.365
50,25,B,20.365
50,26,B,20.365
50,27,B,20.365
50,28,B,20.365
50,29,B,20.365
50,30,B,20.365
50,31,B,20.365
50,32,B,20.365
50,33,B,20.365
50,34,B,20.365
50,35,B,20.365
50,36,B,20.365
50,37,B,20.365
50,38,B,20.365
50,39,B,20.365
50,40,B,20.365
50,41,B,20.365
50,42,B,20.365
50,43,B,20.365
50,44,B,20.365
50,45,B,20.365
50,46,B,20.365
50,47,B,20.365
50,48,B,20.365
50,49,B,20.365
50,50,B,20.365
50,51,B,20.365
50,52,B,20.365
50,53,B,20.365
50,54,B,20.365
50,55,B,20.365
50,56,B,20.365
50,57,B,20.365
50,58,B,20.365
50,59,B,20.365
50,60,B,20.365
50,61,B,20.365
50,62,B,20.365
50,63,B,20.365
50,64,B,20.365
50,65,B,20.365
50,66,B,20.365
50,67,B,20.365
50,68,B,20.365
50,69,B,20.365
50,70,B,20.365
50,71,B,20.365
50,72,B,20.365
50,73,B,20.365
50,74,B,20.365
50,75,B,20.365
50,76,B,20.365
50,77,B,20.365
50,78,B,20.365
50,79,B,20.365
50,80,B,20.365
50,81,B,20.365
50,82,B,20.365
50,83,B,20.365
50,84,B,20.365
50,85,B,20.365
50,86,B,20.365
50,87,B,20.365
50,88,B,20.365
50,89,B,20.365
50,90,B,20.365
50,91,B,20.365
50,92,B,20.365
50,93,B,20.365
50,94,B,20.365
50,95,B,20.365
50,96,B,20.365
50,97,B,20.365
50,98,B,20.365
50,99,B,20.365
50,100,None,-100.0
51,0,AM,48.38707199999999
51,1,AM,47.89192099999999
51,2,AM,47.89192099999999
51,3,B,28.4983
51,4,B,28.4983
51,5,B,28.4983
51,6,B,28.4983
51,7,B,28.4983
51,8,B,28.4983
51,9,B,19.8652
51,10,B,19.8652
51,11,B,19.8652
51,12,B,19.8652
51,13,B,19.8652
51,14,B,19.8652
51,15,B,19.8652
51,16,B,19.8652
51,17,B,19.8652
51,18,B,19.8652
51,19,B,19.8652
51,20,B,19.8652
51,21,B,19.8652
51,22,B,19.8652
51,23,B,19.8652
51,24,B,19.8652
51,25,B,19.8652
51,26,B,19.8652
51,27,B,19.8652
51,28,B,19.8652
51,29,B,19.8652
51,30,B,19.8652
51,31,B,19.8652
51,32,B,19.8652
51,33,B,19.8652
51,34,B,19.8652
51,35,B,19.8652
51,36,B,19.8652
51,37,B,19.8652
51,38,B,19.8652
51,39,B,19.8652
51,40,B,19.8652
51,41,B,19.8652
51,42,B,19.8652
51,43,B,19.8652
51,44,B,19.8652
51,45,B,19.8652
51,46,B,19.8652
51,47,B,19.8652
51,48,B,19.8652
51,49,B,19.8652
51,50,B,19.8652
51,51,B,19.8652
51,52,B,19.8652
51,53,B,19.8652
51,54,B,19.8652
51,55,B,19.8652
51,56,B,19.8652
51,57,B,19.8652
51,58,B,19.8652
51,59,B,19.8652
51,60,B,19.8652
51,61,B,19.8652
51,62,B,19.8652
51,63,B,19.8652
51,64,B,19.8652
51,65,B,19.8652
51,66,B,19.8652
51,67,B,19.8652
51,68,B,19.8652
51,69,B,19.8652
51,70,B,19.8652
51,71,B,19.8652
51,72,B,19.8652
51,73,B,19.8652
51,74,B,19.8652
51,75,B,19.8652
51,76,B,19.8652
51,77,B,19.8652
51,78,B,19.8652
51,79,B,19.8652
51,80,B,19.8652
51,81,B,19.8652
51,82,B,19.8652
51,83,B,19.8652
51,84,B,19.8652
51,85,B,19.8652
51,86,B,19.8652
51,87,B,19.8652
51,88,B,19.8652
51,89,B,19.8652
51,90,B,19.8652
51,91,B,19.8652
51,92,B,19.8652
51,93,B,19.8652
51,94,B,19.8652
51,95,B,19.8652
51,96,B,19.8652
51,97,B,19.8652
51,98,B,19.8652
51,99,B,19.8652
51,100,None,-100.0
52,0,AM,47.38837099999999
52,1,AM,46.89614799999999
52,2,AM,46.89614799999999
52,3,B,27.6651
52,4,B,27.6651
52,5,B,27.6651
52,6,B,27.6651
52,7,B,27.6651
52,8,B,27.6651
52,9,B,19.366
52,10,B,19.366
52,11,B,19.366
52,12,B,19.366
52,13,B,19.366
52,14,B,19.366
52,15,B,19.366
52,16,B,19.366
52,17,B,19.366
52,18,B,19.366
52,19,B,19.366
52,20,B,19.366
52,21,B,19.366
52,22,B,19.366
52,23,B,19.366
52,24,B,19.366
52,25,B,19.366
52,26,B,19.366
52,27,B,19.366
52,28,B,19.366
52,29,B,19.366
52,30,B,19.366
52,31,B,19.366
52,32,B,19.366
52,33,B,19.366
52,34,B,19.366
52,35,B,19.366
52,36,B,19.366
52,37,B,19.366
52,38,B,19.366
52,39,B,19.366
52,40,B,19.366
52,41,B,19.366
52,42,B,19.366
52,43,B,19.366
52,44,B,19.366
52,45,B,19.366
52,46,B,19.366
52,47,B,19.366
52,48,B,19.366
52,49,B,19.366
52,50,B,19.366
52,51,B,19.366
52,52,B,19.366
52,53,B,19.366
52,54,B,19.366
52,55,B,19.366
52,56,B,19.366
52,57,B,19.366
52,58,B,19.366
52,59,B,19.366
52,60,B,19.366
52,61,B,19.366
52,62,B,19.366
52,63,B,19.366
52,64,B,19.366
52,65,B,19.366
52,66,B,19.366
52,67,B,19.366
52,68,B,19.366
52,69,B,19.366
52,70,B,19.366
52,71,B,19.366
52,72,B,19.366
52,73,B,19.366
52,74,B,19.366
52,75,B,19.366
52,76,B,19.366
52,77,B,19.366
52,78,B,19.366
52,79,B,19.366
52,80,B,19.366
52,81,B,19.366
52,82,B,19.366
52,83,B,19.366
52,84,B,19.366
52,85,B,19.366
52,86,B,19.366
52,87,B,19.366
52,88,B,19.366
52,89,B,19.366
52,90,B,19.366
52,91,B,19.366
52,92,B,19.366
52,93,B,19.366
52,94,B,19.366
52,95,B,19.366
52,96,B,19.366
52,97,B,19.366
52,98,B,19.366
52,99,B,19.366
52,100,None,-100.0
53,0,AM,46.389830999999994
53,1,AM,45.90074299999999
53,2,AM,45.90074299999999
53,3,B,26.8412
53,4,B,26.8412
53,5,B,26.8412
53,6,B,26.8412
53,7,B,26.8412
53,8,B,26.8412
53,9,B,18.8689
53,10,B,18.8689
53,11,B,18.8689
53,12,B,18.8689
53,13,B,18.8689
53,14,B,18.8689
53,15,B,18.8689
53,16,B,18.8689
53,17,B,18.8689
53,18,B,18.8689
53,19,B,18.8689
53,20,B,18.8689
53,21,B,18.8689
53,22,B,18.8689
53,23,B,18.8689
53,24,B,18.8689
53,25,B,18.8689
53,26,B,18.8689
53,27,B,18.8689
53,28,B,18.8689
53,29,B,18.8689
53,30,B,18.8689
53,31,B,18.8689
53,32,B,18.8689
53,33,B,18.8689
53,34,B,18.8689
53,35,B,18.8689
53,36,B,18.8689
53,37,B,18.8689
53,38,B,18.8689
53,39,B,18.8689
53,40,B,18.8689
53,41,B,18.8689
53,42,B,18.8689
53,43,B,18.8689
53,44,B,18.8689
53,45,B,18.8689
53,46,B,18.8689
53,47,B,18.8689
53,48,B,18.8689
53,49,B,18.8689
53,50,B,18.8689
53,51,B,18.8689
53,52,B,18.8689
53,53,B,18.8689
53,54,B,18.8689
53,55,B,18.8689
53,56,B,18.8689
53,57,B,18.8689
53,58,B,18.8689
53,59,B,18.8689
53,60,B,18.8689
53,61,B,18.8689
53,62,B,18.8689
53,63,B,18.8689
53,64,B,18.8689
53,65,B,18.8689
53,66,B,18.8689
53,67,B,18.8689
53,68,B,18.8689
53,69,B,18.8689
53,70,B,18.8689
53,71,B,18.8689
53,72,B,18.8689
53,73,B,18.8689
53,74,B,18.8689
53,75,B,18.8689
53,76,B,18.8689
53,77,B,18.8689
53,78,B,18.8689
53,79,B,18.8689
53,80,B,18.8689
53,81,B,18.8689
53,82,B,18.8689
53,83,B,18.8689
53,84,B,18.8689
53,85,B,18.8689
53,86,B,18.8689
53,87,B,18.8689
53,88,B,18.8689
53,89,B,18.8689
53,90,B,18.8689
53,91,B,18.8689
53,92,B,18.8689
53,93,B,18.8689
53,94,B,18.8689
53,95,B,18.8689
53,96,B,18.8689
53,97,B,18.8689
53,98,B,18.8689
53,99,B,18.8689
53,100,None,-100.0
54,0,AM,45.391541
54,1,AM,44.905680999999994
54,2,AM,44.905680999999994
54,3,B,26.0273
54,4,B,26.0273
54,5,B,26.0273
54,6,B,26.0273
54,7,B,26.0273
54,8,B,26.0273
54,9,B,18.3746
54,10,B,18.3746
54,11,B,18.3746
54,12,B,18.3746
54,13,B,18.3746
54,14,B,18.3746
54,15,B,18.3746
54,16,B,18.3746
54,17,B,18.3746
54,18,B,18.3746
54,19,B,18.3746
54,20,B,18.3746
54,21,B,18.3746
54,22,B,18.3746
54,23,B,18.3746
54,24,B,18.3746
54,25,B,18.3746
54,26,B,18.3746
54,27,B,18.3746
54,28,B,18.3746
54,29,B,18.3746
54,30,B,18.3746
54,31,B,18.3746
54,32,B,18.3746
54,33,B,18.3746
54,34,B,18.3746
54,35,B,18.3746
54,36,B,18.3746
54,37,B,18.3746
54,38,B,18.3746
54,39,B,18.3746
54,40,B,18.3746
54,41,B,18.3746
54,42,B,18.3746
54,43,B,18.3746
54,44,B,18.3746
54,45,B,18.3746
54,46,B,18.3746
54,47,B,18.3746
54,48,B,18.3746
54,49,B,18.3746
54,50,B,18.3746
54,51,B,18.3746
54,52,B,18.3746
54,53,B,18.3746
54,54,B,18.3746
54,55,B,18.3746
54,56,B,18.3746
54,57,B,18.3746
54,58,B,18.3746
54,59,B,18.3746
54,60,B,18.3746
54,61,B,18.3746
54,62,B,18.3746
54,63,B,18.3746
54,64,B,18.3746
54,65,B,18.3746
54,66,B,18.3746
54,67,B,18.3746
54,68,B,18.3746
54,69,B,18.3746
54,70,B,18.3746
54,71,B,18.3746
54,72,B,18.3746
54,73,B,18.3746
54,74,B,18.3746
54,75,B,18.3746
54,76,B,18.3746
54,77,B,18.3746
54,78,B,18.3746
54,79,B,18.3746
54,80,B,18.3746
54,81,B,18.3746
54,82,B,18.3746
54,83,B,18.3746
54,84,B,18.3746
54,85,B,18.3746
54,86,B,18.3746
54,87,B,18.3746
54,88,B,18.3746
54,89,B,18.3746
54,90,B,18.3746
54,91,B,18.3746
54,92,B,18.3746
54,93,B,18.3746
54,94,B,18.3746
54,95,B,18.3746
54,96,B,18.3746
54,97,B,18.3746
54,98,B,18.3746
54,99,B,18.3746
54,100,None,-100.0
55,0,AM,44.393418
55,1,AM,43.91104599999999
55,2,AM,43.91104599999999
55,3,AM,25.417250000000003
55,4,B,25.2204
55,5,B,25.2204
55,6,B,25.2204
55,7,B,25.2204
55,8,B,25.2204
55,9,B,17.882
55,10,B,17.882
55,11,B,17.882
55,12,B,17.882
55,13,B,17.882
55,14,B,17.882
55,15,B,17.882
55,16,B,17.882
55,17,B,17.882
55,18,B,17.882
55,19,B,17.882
55,20,B,17.882
55,21,B,17.882
55,22,B,17.882
55,23,B,17.882
55,24,B,17.882
55,25,B,17.882
55,26,B,17.882
55,27,B,17.882
55,28,B,17.882
55,29,B,17.882
55,30,B,17.882
55,31,B,17.882
55,32,B,17.882
55,33,B,17.882
55,34,B,17.882
55,35,B,17.882
55,36,B,17.882
55,37,B,17.882
55,38,B,17.882
55,39,B,17.882
55,40,B,17.882
55,41,B,17.882
55,42,B,17.882
55,43,B,17.882
55,44,B,17.882
55,45,B,17.882
55,46,B,17.882
55,47,B,17.882
55,48,B,17.882
55,49,B,17.882
55,50,B,17.882
55,51,B,17.882
55,52,B,17.882
55,53,B,17.882
55,54,B,17.882
55,55,B,17.882
55,56,B,17.882
55,57,B,17.882
55,58,B,17.882
55,59,B,17.882
55,60,B,17.882
55,61,B,17.882
55,62,B,17.882
55,63,B,17.882
55,64,B,17.882
55,65,B,17.882
55,66,B,17.882
55,67,B,17.882
55,68,B,17.882
55,69,B,17.882
55,70,B,17.882
55,71,B,17.882
55,72,B,17.882
55,73,B,17.882
55,74,B,17.882
55,75,B,17.882
55,76,B,17.882
55,77,B,17.882
55,78,B,17.882
55,79,B,17.882
55,80,B,17.882
55,81,B,17.882
55,82,B,17.882
55,83,B,17.882
55,84,B,17.882
55,85,B,17.882
55,86,B,17.882
55,87,B,17.882
55,88,B,17.882
55,89,B,17.882
55,90,B,17.882
55,91,B,17.882
55,92,B,17.882
55,93,B,17.882
55,94,B,17.882
55,95,B,17.882
55,96,B,17.882
55,97,B,17.882
55,98,B,17.882
55,99,B,17.882
55,100,None,-100.0
56,0,AM,43.395542999999996
56,1,AM,42.916895999999994
56,2,AM,42.916895999999994
56,3,AM,42.916895999999994
56,4,B,24.4231
56,5,B,24.4231
56,6,B,24.4231
56,7,B,24.4231
56,8,B,24.4231
56,9,B,17.3924
56,10,B,17.3924
56,11,B,17.3924
56,12,B,17.3924
56,13,B,17.3924
56,14,B,17.3924
56,15,B,17.3924
56,16,B,17.3924
56,17,B,17.3924
56,18,B,17.3924
56,19,B,17.3924
56,20,B,17.3924
56,21,B,17.3924
56,22,B,17.3924
56,23,B,17.3924
56,24,B,17.3924
56,25,B,17.3924
56,26,B,17.3924
56,27,B,17.3924
56,28,B,17.3924
56,29,B,17.3924
56,30,B,17.3924
56,31,B,17.3924
56,32,B,17.3924
56,33,B,17.3924
56,34,B,17.3924
56,35,B,17.3924
56,36,B,17.3924
56,37,B,17.3924
56,38,B,17.3924
56,39,B,17.3924
56,40,B,17.3924
56,41,B,17.3924
56,42,B,17.3924
56,43,B,17.3924
56,44,B,17.3924
56,45,B,17.3924
56,46,B,17.3924
56,47,B,17.3924
56,48,B,17.3924
56,49,B,17.3924
56,50,B,17.3924
56,51,B,17.3924
56,52,B,17.3924
56,53,B,17.3924
56,54,B,17.3924
56,55,B,17.3924
56,56,B,17.3924
56,57,B,17.3924
56,58,B,17.3924
56,59,B,17.3924
56,60,B,17.3924
56,61,B,17.3924
56,62,B,17.3924
56,63,B,17.3924
56,64,B,17.3924
56,65,B,17.3924
56,66,B,17.3924
56,67,B,17.3924
56,68,B,17.3924
56,69,B,17.3924
56,70,B,17.3924
56,71,B,17.3924
56,72,B,17.3924
56,73,B,17.3924
56,74,B,17.3924
56,75,B,17.3924
56,76,B,17.3924
56,77,B,17.3924
56,78,B,17.3924
56,79,B,17.3924
56,80,B,17.3924
56,81,B,17.3924
56,82,B,17.3924
56,83,B,17.3924
56,84,B,17.3924
56,85,B,17.3924
56,86,B,17.3924
56,87,B,17.3924
56,88,B,17.3924
56,89,B,17.3924
56,90,B,17.3924
56,91,B,17.3924
56,92,B,17.3924
56,93,B,17.3924
56,94,B,17.3924
56,95,B,17.3924
56,96,B,17.3924
56,97,B,17.3924
56,98,B,17.3924
56,99,B,17.3924
56,100,None,-100.0
57,0,AM,42.397938999999994
57,1,AM,41.92325399999999
57,2,AM,41.92325399999999
57,3,AM,41.92325399999999
57,4,B,23.6373
57,5,B,23.6373
57,6,B,23.6373
57,7,B,23.6373
57,8,B,23.6373
57,9,B,16.9068
57,10,B,16.9068
57,11,B,16.9068
57,12,B,16.9068
57,13,B,16.9068
57,14,B,16.9068
57,15,B,16.9068
57,16,B,16.9068
57,17,B,16.9068
57,18,B,16.9068
57,19,B,16.9068
57,20,B,16.9068
57,21,B,16.9068
57,22,B,16.9068
57,23,B,16.9068
57,24,B,16.9068
57,25,B,16.9068
57,26,B,16.9068
57,27,B,16.9068
57,28,B,16.9068
57,29,B,16.9068
57,30,B,16.9068
57,31,B,16.9068
57,32,B,16.9068
57,33,B,16.9068
57,34,B,16.9068
57,35,B,16.9068
57,36,B,16.9068
57,37,B,16.9068
57,38,B,16.9068
57,39,B,16.9068
57,40,B,16.9068
57,41,B,16.9068
57,42,B,16.9068
57,43,B,16.9068
57,44,B,16.9068
57,45,B,16.9068
57,46,B,16.9068
57,47,B,16.9068
57,48,B,16.9068
57,49,B,16.9068
57,50,B,16.9068
57,51,B,16.9068
57,52,B,16.9068
57,53,B,16.9068
57,54,B,16.9068
57,55,B,16.9068
57,56,B,16.9068
57,57,B,16.9068
57,58,B,16.9068
57,59,B,16.9068
57,60,B,16.9068
57,61,B,16.9068
57,62,B,16.9068
57,63,B,16.9068
57,64,B,16.9068
57,65,B,16.9068
57,66,B,16.9068
57,67,B,16.9068
57,68,B,16.9068
57,69,B,16.9068
57,70,B,16.9068
57,71,B,16.9068
57,72,B,16.9068
57,73,B,16.9068
57,74,B,16.9068
57,75,B,16.9068
57,76,B,16.9068
57,77,B,16.9068
57,78,B,16.9068
57,79,B,16.9068
57,80,B,16.9068
57,81,B,16.9068
57,82,B,16.9068
57,83,B,16.9068
57,84,B,16.9068
57,85,B,16.9068
57,86,B,16.9068
57,87,B,16.9068
57,88,B,16.9068
57,89,B,16.9068
57,90,B,16.9068
57,91,B,16.9068
57,92,B,16.9068
57,93,B,16.9068
57,94,B,16.9068
57,95,B,16.9068
57,96,B,16.9068
57,97,B,16.9068
57,98,B,16.9068
57,99,B,16.9068
57,100,None,-100.0
58,0,AM,41.400628999999995
58,1,AM,40.930142999999994
58,2,AM,40.930142999999994
58,3,AM,40.930142999999994
58,4,B,22.8623
58,5,B,22.8623
58,6,B,22.8623
58,7,B,22.8623
58,8,B,22.8623
58,9,B,16.4248
58,10,B,16.4248
58,11,B,16.4248
58,12,B,16.4248
58,13,B,16.4248
58,14,B,16.4248
58,15,B,16.4248
58,16,B,16.4248
58,17,B,16.4248
58,18,B,16.4248
58,19,B,16.4248
58,20,B,16.4248
58,21,B,16.4248
58,22,B,16.4248
58,23,B,16.4248
58,24,B,16.4248
58,25,B,16.4248
58,26,B,16.4248
58,27,B,16.4248
58,28,B,16.4248
58,29,B,16.4248
58,30,B,16.4248
58,31,B,16.4248
58,32,B,16.4248
58,33,B,16.4248
58,34,B,16.4248
58,35,B,16.4248
58,36,B,16.4248
58,37,B,16.4248
58,38,B,16.4248
58,39,B,16.4248
58,40,B,16.4248
58,41,B,16.4248
58,42,B,16.4248
58,43,B,16.4248
58,44,B,16.4248
58,45,B,16.4248
58,46,B,16.4248
58,47,B,16.4248
58,48,B,16.4248
58,49,B,16.4248
58,50,B,16.4248
58,51,B,16.4248
58,52,B,16.4248
58,53,B,16.4248
58,54,B,16.4248
58,55,B,16.4248
58,56,B,16.4248
58,57,B,16.4248
58,58,B,16.4248
58,59,B,16.4248
58,60,B,16.4248
58,61,B,16.4248
58,62,B,16.4248
58,63,B,16.4248
58,64,B,16.4248
58,65,B,16.4248
58,66,B,16.4248
58,67,B,16.4248
58,68,B,16.4248
58,69,B,16.4248
58,70,B,16.4248
58,71,B,16.4248
58,72,B,16.4248
58,73,B,16.4248
58,74,B,16.4248
58,75,B,16.4248
58,76,B,16.4248
58,77,B,16.4248
58,78,B,16.4248
58,79,B,16.4248
58,80,B,16.4248
58,81,B,16.4248
58,82,B,16.4248
58,83,B,16.4248
58,84,B,16.4248
58,85,B,16.4248
58,86,B,16.4248
58,87,B,16.4248
58,88,B,16.4248
58,89,B,16.4248
58,90,B,16.4248
58,91,B,16.4248
58,92,B,16.4248
58,93,B,16.4248
58,94,B,16.4248
58,95,B,16.4248
58,96,B,16.4248
58,97,B,16.4248
58,98,B,16.4248
58,99,B,16.4248
58,100,None,-100.0
59,0,AM,40.4036
59,1,AM,39.937597
59,2,AM,39.937597
59,3,AM,39.937597
59,4,AM,39.937597
59,5,B,22.0944
59,6,B,22.0944
59,7,B,22.0944
59,8,B,22.0944
59,9,B,15.9447
59,10,B,15.9447
59,11,B,15.9447
59,12,B,15.9447
59,13,B,15.9447
59,14,B,15.9447
59,15,B,15.9447
59,16,B,15.9447
59,17,B,15.9447
59,18,B,15.9447
59,19,B,15.9447
59,20,B,15.9447
59,21,B,15.9447
59,22,B,15.9447
59,23,B,15.9447
59,24,B,15.9447
59,25,B,15.9447
59,26,B,15.9447
59,27,B,15.9447
59,28,B,15.9447
59,29,B,15.9447
59,30,B,15.9447
59,31,B,15.9447
59,32,B,15.9447
59,33,B,15.9447
59,34,B,15.9447
59,35,B,15.9447
59,36,B,15.9447
59,37,B,15.9447
59,38,B,15.9447
59,39,B,15.9447
59,40,B,15.9447
59,41,B,15.9447
59,42,B,15.9447
59,43,B,15.9447
59,44,B,15.9447
59,45,B,15.9447
59,46,B,15.9447
59,47,B,15.9447
59,48,B,15.9447
59,49,B,15.9447
59,50,B,15.9447
59,51,B,15.9447
59,52,B,15.9447
59,53,B,15.9447
59,54,B,15.9447
59,55,B,15.9447
59,56,B,15.9447
59,57,B,15.9447
59,58,B,15.9447
59,59,B,15.9447
59,60,B,15.9447
59,61,B,15.9447
59,62,B,15.9447
59,63,B,15.9447
59,64,B,15.9447
59,65,B,15.9447
59,66,B,15.9447
59,67,B,15.9447
59,68,B,15.9447
59,69,B,15.9447
59,70,B,15.9447
59,71,B,15.9447
59,72,B,15.9447
59,73,B,15.9447
59,74,B,15.9447
59,75,B,15.9447
59,76,B,15.9447
59,77,B,15.9447
59,78,B,15.9447
59,79,B,15.9447
59,80,B,15.9447
59,81,B,15.9447
59,82,B,15.9447
59,83,B,15.9447
59,84,B,15.9447
59,85,B,15.9447
59,86,B,15.9447
59,87,B,15.9447
59,88,B,15.9447
59,89,B,15.9447
59,90,B,15.9447
59,91,B,15.9447
59,92,B,15.9447
59,93,B,15.9447
59,94,B,15.9447
59,95,B,15.9447
59,96,B,15.9447
59,97,B,15.9447
59,98,B,15.9447
59,99,B,15.9447
59,100,None,-100.0
60,0,AM,39.406881
60,1,AM,38.945699
60,2,AM,38.945699
60,3,AM,38.945699
60,4,AM,38.945699
60,5,B,21.3285
60,6,B,21.3285
60,7,B,21.3285
60,8,B,21.3285
60,9,B,15.4669
60,10,B,15.4669
60,11,B,15.4669
60,12,B,15.4669
60,13,B,15.4669
60,14,B,15.4669
60,15,B,15.4669
60,16,B,15.4669
60,17,B,15.4669
60,18,B,15.4669
60,19,B,15.4669
60,20,B,15.4669
60,21,B,15.4669
60,22,B,15.4669
60,23,B,15.4669
60,24,B,15.4669
60,25,B,15.4669
60,26,B,15.4669
60,27,B,15.4669
60,28,B,15.4669
60,29,B,15.4669
60,30,B,15.4669
60,31,B,15.4669
60,32,B,15.4669
60,33,B,15.4669
60,34,B,15.4669
60,35,B,15.4669
60,36,B,15.4669
60,37,B,15.4669
60,38,B,15.4669
60,39,B,15.4669
60,40,B,15.4669
60,41,B,15.4669
60,42,B,15.4669
60,43,B,15.4669
60,44,B,15.4669
60,45,B,15.4669
60,46,B,15.4669
60,47,B,15.4669
60,48,B,15.4669
60,49,B,15.4669
60,50,B,15.4669
60,51,B,15.4669
60,52,B,15.4669
60,53,B,15.4669
60,54,B,15.4669
60,55,B,15.4669
60,56,B,15.4669
60,57,B,15.4669
60,58,B,15.4669
60,59,B,15.4669
60,60,B,15.4669
60,61,B,15.4669
60,62,B,15.4669
60,63,B,15.4669
60,64,B,15.4669
60,65,B,15.4669
60,66,B,15.4669
60,67,B,15.4669
60,68,B,15.4669
60,69,B,15.4669
60,70,B,15.4669
60,71,B,15.4669
60,72,B,15.4669
60,73,B,15.4669
60,74,B,15.4669
60,75,B,15.4669
60,76,B,15.4669
60,77,B,15.4669
60,78,B,15.4669
60,79,B,15.4669
60,80,B,15.4669
60,81,B,15.4669
60,82,B,15.4669
60,83,B,15.4669
60,84,B,15.4669
60,85,B,15.4669
60,86,B,15.4669
60,87,B,15.4669
60,88,B,15.4669
60,89,B,15.4669
60,90,B,15.4669
60,91,B,15.4669
60,92,B,15.4669
60,93,B,15.4669
60,94,B,15.4669
60,95,B,15.4669
60,96,B,15.4669
60,97,B,15.4669
60,98,B,15.4669
60,99,B,15.4669
60,100,None,-100.0
61,0,AM,38.410562999999996
61,1,AM,37.954558999999996
61,2,AM,37.954558999999996
61,3,AM,37.954558999999996
61,4,AM,37.954558999999996
61,5,B,20.5663
61,6,AM,21.056321999999998
61,7,B,20.5663
61,8,B,20.5663
61,9,B,15.0149
61,10,B,15.0149
61,11,B,15.0149
61,12,B,15.0149
61,13,B,15.0149
61,14,B,15.0149
61,15,B,15.0149
61,16,B,15.0149
61,17,B,15.0149
61,18,B,15.0149
61,19,B,15.0149
61,20,B,15.0149
61,21,B,15.0149
61,22,B,15.0149
61,23,B,15.0149
61,24,B,15.0149
61,25,B,15.0149
61,26,B,15.0149
61,27,B,15.0149
61,28,B,15.0149
61,29,B,15.0149
61,30,B,15.0149
61,31,B,15.0149
61,32,B,15.0149
61,33,B,15.0149
61,34,B,15.0149
61,35,B,15.0149
61,36,B,15.0149
61,37,B,15.0149
61,38,B,15.0149
61,39,B,15.0149
61,40,B,15.0149
61,41,B,15.0149
61,42,B,15.0149
61,43,B,15.0149
61,44,B,15.0149
61,45,B,15.0149
61,46,B,15.0149
61,47,B,15.0149
61,48,B,15.0149
61,49,B,15.0149
61,50,B,15.0149
61,51,B,15.0149
61,52,B,15.0149
61,53,B,15.0149
61,54,B,15.0149
61,55,B,15.0149
61,56,B,15.0149
61,57,B,15.0149
61,58,B,15.0149
61,59,B,15.0149
61,60,B,15.0149
61,61,B,15.0149
61,62,B,15.0149
61,63,B,15.0149
61,64,B,15.0149
61,65,B,15.0149
61,66,B,15.0149
61,67,B,15.0149
61,68,B,15.0149
61,69,B,15.0149
61,70,B,15.0149
61,71,B,15.0149
61,72,B,15.0149
61,73,B,15.0149
61,74,B,15.0149
61,75,B,15.0149
61,76,B,15.0149
61,77,B,15.0149
61,78,B,15.0149
61,79,B,15.0149
61,80,B,15.0149
61,81,B,15.0149
61,82,B,15.0149
61,83,B,15.0149
61,84,B,15.0149
61,85,B,15.0149
61,86,B,15.0149
61,87,B,15.0149
61,88,B,15.0149
61,89,B,15.0149
61,90,B,15.0149
61,91,B,15.0149
61,92,B,15.0149
61,93,B,15.0149
61,94,B,15.0149
61,95,B,15.0149
61,96,B,15.0149
61,97,B,15.0149
61,98,B,15.0149
61,99,B,15.0149
61,100,None,-100.0
62,0,AM,37.414640999999996
62,1,AM,36.964287
62,2,AM,36.964287
62,3,AM,36.964287
62,4,AM,36.964287
62,5,AM,20.066049999999997
62,6,AM,20.066049999999997
62,7,B,19.817
62,8,B,19.817
62,9,B,14.5668
62,10,B,14.5668
62,11,B,14.5668
62,12,B,14.5668
62,13,B,14.5668
62,14,B,14.5668
62,15,B,14.5668
62,16,B,14.5668
62,17,B,14.5668
62,18,B,14.5668
62,19,B,14.5668
62,20,B,14.5668
62,21,B,14.5668
62,22,B,14.5668
62,23,B,14.5668
62,24,B,14.5668
62,25,B,14.5668
62,26,B,14.5668
62,27,B,14.5668
62,28,B,14.5668
62,29,B,14.5668
62,30,B,14.5668
62,31,B,14.5668
62,32,B,14.5668
62,33,B,14.5668
62,34,B,14.5668
62,35,B,14.5668
62,36,B,14.5668
62,37,B,14.5668
62,38,B,14.5668
62,39,B,14.5668
62,40,B,14.5668
62,41,B,14.5668
62,42,B,14.5668
62,43,B,14.5668
62,44,B,14.5668
62,45,B,14.5668
62,46,B,14.5668
62,47,B,14.5668
62,48,B,14.5668
62,49,B,14.5668
62,50,B,14.5668
62,51,B,14.5668
62,52,B,14.5668
62,53,B,14.5668
62,54,B,14.5668
62,55,B,14.5668
62,56,B,14.5668
62,57,B,14.5668
62,58,B,14.5668
62,59,B,14.5668
62,60,B,14.5668
62,61,B,14.5668
62,62,B,14.5668
62,63,B,14.5668
62,64,B,14.5668
62,65,B,14.5668
62,66,B,14.5668
62,67,B,14.5668
62,68,B,14.5668
62,69,B,14.5668
62,70,B,14.5668
62,71,B,14.5668
62,72,B,14.5668
62,73,B,14.5668
62,74,B,14.5668
62,75,B,14.5668
62,76,B,14.5668
62,77,B,14.5668
62,78,B,14.5668
62,79,B,14.5668
62,80,B,14.5668
62,81,B,14.5668
62,82,B,14.5668
62,83,B,14.5668
62,84,B,14.5668
62,85,B,14.5668
62,86,B,14.5668
62,87,B,14.5668
62,88,B,14.5668
62,89,B,14.5668
62,90,B,14.5668
62,91,B,14.5668
62,92,B,14.5668
62,93,B,14.5668
62,94,B,14.5668
62,95,B,14.5668
62,96,B,14.5668
62,97,B,14.5668
62,98,B,14.5668
62,99,B,14.5668
62,100,None,-100.0
63,0,AM,36.419157999999996
63,1,AM,35.975037
63,2,AM,35.975037
63,3,AM,35.975037
63,4,AM,35.975037
63,5,AM,35.975037
63,6,B,19.0768
63,7,AM,19.337833999999997
63,8,AM,19.337833999999997
63,9,B,14.119
63,10,B,14.119
63,11,B,14.119
63,12,B,14.119
63,13,B,14.119
63,14,B,14.119
63,15,B,14.119
63,16,B,14.119
63,17,B,14.119
63,18,B,14.119
63,19,B,14.119
63,20,B,14.119
63,21,B,14.119
63,22,B,14.119
63,23,B,14.119
63,24,B,14.119
63,25,B,14.119
63,26,B,14.119
63,27,B,14.119
63,28,B,14.119
63,29,B,14.119
63,30,B,14.119
63,31,B,14.119
63,32,B,14.119
63,33,B,14.119
63,34,B,14.119
63,35,B,14.119
63,36,B,14.119
63,37,B,14.119
63,38,B,14.119
63,39,B,14.119
63,40,B,14.119
63,41,B,14.119
63,42,B,14.119
63,43,B,14.119
63,44,B,14.119
63,45,B,14.119
63,46,B,14.119
63,47,B,14.119
63,48,B,14.119
63,49,B,14.119
63,50,B,14.119
63,51,B,14.119
63,52,B,14.119
63,53,B,14.119
63,54,B,14.119
63,55,B,14.119
63,56,B,14.119
63,57,B,14.119
63,58,B,14.119
63,59,B,14.119
63,60,B,14.119
63,61,B,14.119
63,62,B,14.119
63,63,B,14.119
63,64,B,14.119
63,65,B,14.119
63,66,B,14.119
63,67,B,14.119
63,68,B,14.119
63,69,B,14.119
63,70,B,14.119
63,71,B,14.119
63,72,B,14.119
63,73,B,14.119
63,74,B,14.119
63,75,B,14.119
63,76,B,14.119
63,77,B,14.119
63,78,B,14.119
63,79,B,14.119
63,80,B,14.119
63,81,B,14.119
63,82,B,14.119
63,83,B,14.119
63,84,B,14.119
63,85,B,14.119
63,86,B,14.119
63,87,B,14.119
63,88,B,14.119
63,89,B,14.119
63,90,B,14.119
63,91,B,14.119
63,92,B,14.119
63,93,B,14.119
63,94,B,14.119
63,95,B,14.119
63,96,B,14.119
63,97,B,14.119
63,98,B,14.119
63,99,B,14.119
63,100,None,-100.0
64,0,AM,35.424186
64,1,AM,34.986903
64,2,AM,34.986903
64,3,AM,34.986903
64,4,AM,34.986903
64,5,AM,34.986903
64,6,B,18.3497
64,7,B,18.3497
64,8,B,18.3497
64,9,B,13.674
64,10,B,13.674
64,11,B,13.674
64,12,B,13.674
64,13,B,13.674
64,14,B,13.674
64,15,B,13.674
64,16,B,13.674
64,17,B,13.674
64,18,B,13.674
64,19,B,13.674
64,20,B,13.674
64,21,B,13.674
64,22,B,13.674
64,23,B,13.674
64,24,B,13.674
64,25,B,13.674
64,26,B,13.674
64,27,B,13.674
64,28,B,13.674
64,29,B,13.674
64,30,B,13.674
64,31,B,13.674
64,32,B,13.674
64,33,B,13.674
64,34,B,13.674
64,35,B,13.674
64,36,B,13.674
64,37,B,13.674
64,38,B,13.674
64,39,B,13.674
64,40,B,13.674
64,41,B,13.674
64,42,B,13.674
64,43,B,13.674
64,44,B,13.674
64,45,B,13.674
64,46,B,13.674
64,47,B,13.674
64,48,B,13.674
64,49,B,13.674
64,50,B,13.674
64,51,B,13.674
64,52,B,13.674
64,53,B,13.674
64,54,B,13.674
64,55,B,13.674
64,56,B,13.674
64,57,B,13.674
64,58,B,13.674
64,59,B,13.674
64,60,B,13.674
64,61,B,13.674
64,62,B,13.674
64,63,B,13.674
64,64,B,13.674
64,65,B,13.674
64,66,B,13.674
64,67,B,13.674
64,68,B,13.674
64,69,B,13.674
64,70,B,13.674
64,71,B,13.674
64,72,B,13.674
64,73,B,13.674
64,74,B,13.674
64,75,B,13.674
64,76,B,13.674
64,77,B,13.674
64,78,B,13.674
64,79,B,13.674
64,80,B,13.674
64,81,B,13.674
64,82,B,13.674
64,83,B,13.674
64,84,B,13.674
64,85,B,13.674
64,86,B,13.674
64,87,B,13.674
64,88,B,13.674
64,89,B,13.674
64,90,B,13.674
64,91,B,13.674
64,92,B,13.674
64,93,B,13.674
64,94,B,13.674
64,95,B,13.674
64,96,B,13.674
64,97,B,13.674
64,98,B,13.674
64,99,B,13.674
64,100,None,-100.0
65,0,AM,34.429694
65,1,AM,34.000014
65,2,AM,34.000014
65,3,AM,34.000014
65,4,AM,34.000014
65,5,AM,34.000014
65,6,AM,34.000014
65,7,B,17.6345
65,8,AM,17.918916
65,9,B,13.231
65,10,B,13.231
65,11,B,13.231
65,12,B,13.231
65,13,B,13.231
65,14,B,13.231
65,15,B,13.231
65,16,B,13.231
65,17,B,13.231
65,18,B,13.231
65,19,B,13.231
65,20,B,13.231
65,21,B,13.231
65,22,B,13.231
65,23,B,13.231
65,24,B,13.231
65,25,B,13.231
65,26,B,13.231
65,27,B,13.231
65,28,B,13.231
65,29,B,13.231
65,30,B,13.231
65,31,B,13.231
65,32,B,13.231
65,33,B,13.231
65,34,B,13.231
65,35,B,13.231
65,36,B,13.231
65,37,B,13.231
65,38,B,13.231
65,39,B,13.231
65,40,B,13.231
65,41,B,13.231
65,42,B,13.231
65,43,B,13.231
65,44,B,13.231
65,45,B,13.231
65,46,B,13.231
65,47,B,13.231
65,48,B,13.231
65,49,B,13.231
65,50,B,13.231
65,51,B,13.231
65,52,B,13.231
65,53,B,13.231
65,54,B,13.231
65,55,B,13.231
65,56,B,13.231
65,57,B,13.231
65,58,B,13.231
65,59,B,13.231
65,60,B,13.231
65,61,B,13.231
65,62,B,13.231
65,63,B,13.231
65,64,B,13.231
65,65,B,13.231
65,66,B,13.231
65,67,B,13.231
65,68,B,13.231
65,69,B,13.231
65,70,B,13.231
65,71,B,13.231
65,72,B,13.231
65,73,B,13.231
65,74,B,13.231
65,75,B,13.231
65,76,B,13.231
65,77,B,13.231
65,78,B,13.231
65,79,B,13.231
65,80,B,13.231
65,81,B,13.231
65,82,B,13.231
65,83,B,13.231
65,84,B,13.231
65,85,B,13.231
65,86,B,13.231
65,87,B,13.231
65,88,B,13.231
65,89,B,13.231
65,90,B,13.231
65,91,B,13.231
65,92,B,13.231
65,93,B,13.231
65,94,B,13.231
65,95,B,13.231
65,96,B,13.231
65,97,B,13.231
65,98,B,13.231
65,99,B,13.231
65,100,None,-100.0
66,0,AM,33.435773999999995
66,1,AM,33.014398
66,2,AM,33.014398
66,3,AM,33.014398
66,4,AM,33.014398
66,5,AM,33.014398
66,6,AM,33.014398
66,7,AM,17.232435000000002
66,8,AM,17.232435000000002
66,9,B,16.9333
66,10,AM,17.232435000000002
66,11,B,12.7915
66,12,B,12.7915
66,13,B,12.7915
66,14,B,12.7915
66,15,B,12.7915
66,16,B,12.7915
66,17,B,12.7915
66,18,B,12.7915
66,19,B,12.7915
66,20,B,12.7915
66,21,B,12.7915
66,22,B,12.7915
66,23,B,12.7915
66,24,B,12.7915
66,25,B,12.7915
66,26,B,12.7915
66,27,B,12.7915
66,28,B,12.7915
66,29,B,12.7915
66,30,B,12.7915
66,31,B,12.7915
66,32,B,12.7915
66,33,B,12.7915
66,34,B,12.7915
66,35,B,12.7915
66,36,B,12.7915
66,37,B,12.7915
66,38,B,12.7915
66,39,B,12.7915
66,40,B,12.7915
66,41,B,12.7915
66,42,B,12.7915
66,43,B,12.7915
66,44,B,12.7915
66,45,B,12.7915
66,46,B,12.7915
66,47,B,12.7915
66,48,B,12.7915
66,49,B,12.7915
66,50,B,12.7915
66,51,B,12.7915
66,52,B,12.7915
66,53,B,12.7915
66,54,B,12.7915
66,55,B,12.7915
66,56,B,12.7915
66,57,B,12.7915
66,58,B,12.7915
66,59,B,12.7915
66,60,B,12.7915
66,61,B,12.7915
66,62,B,12.7915
66,63,B,12.7915
66,64,B,12.7915
66,65,B,12.7915
66,66,B,12.7915
66,67,B,12.7915
66,68,B,12.7915
66,69,B,12.7915
66,70,B,12.7915
66,71,B,12.7915
66,72,B,12.7915
66,73,B,12.7915
66,74,B,12.7915
66,75,B,12.7915
66,76,B,12.7915
66,77,B,12.7915
66,78,B,12.7915
66,79,B,12.7915
66,80,B,12.7915
66,81,B,12.7915
66,82,B,12.7915
66,83,B,12.7915
66,84,B,12.7915
66,85,B,12.7915
66,86,B,12.7915
66,87,B,12.7915
66,88,B,12.7915
66,89,B,12.7915
66,90,B,12.7915
66,91,B,12.7915
66,92,B,12.7915
66,93,B,12.7915
66,94,B,12.7915
66,95,B,12.7915
66,96,B,12.7915
66,97,B,12.7915
66,98,B,12.7915
66,99,B,12.7915
66,100,None,-100.0
67,0,AM,32.442527
67,1,AM,32.030063
67,2,AM,32.030063
67,3,AM,32.030063
67,4,AM,32.030063
67,5,AM,32.030063
67,6,AM,32.030063
67,7,AM,32.030063
67,8,B,16.2481
67,9,AM,16.557885
67,10,B,16.2481
67,11,B,12.3562
67,12,B,12.3562
67,13,B,12.3562
67,14,B,12.3562
67,15,B,12.3562
67,16,B,12.3562
67,17,B,12.3562
67,18,B,12.3562
67,19,B,12.3562
67,20,B,12.3562
67,21,B,12.3562
67,22,B,12.3562
67,23,B,12.3562
67,24,B,12.3562
67,25,B,12.3562
67,26,B,12.3562
67,27,B,12.3562
67,28,B,12.3562
67,29,B,12.3562
67,30,B,12.3562
67,31,B,12.3562
67,32,B,12.3562
67,33,B,12.3562
67,34,B,12.3562
67,35,B,12.3562
67,36,B,12.3562
67,37,B,12.3562
67,38,B,12.3562
67,39,B,12.3562
67,40,B,12.3562
67,41,B,12.3562
67,42,B,12.3562
67,43,B,12.3562
67,44,B,12.3562
67,45,B,12.3562
67,46,B,12.3562
67,47,B,12.3562
67,48,B,12.3562
67,49,B,12.3562
67,50,B,12.3562
67,51,B,12.3562
67,52,B,12.3562
67,53,B,12.3562
67,54,B,12.3562
67,55,B,12.3562
67,56,B,12.3562
67,57,B,12.3562
67,58,B,12.3562
67,59,B,12.3562
67,60,B,12.3562
67,61,B,12.3562
67,62,B,12.3562
67,63,B,12.3562
67,64,B,12.3562
67,65,B,12.3562
67,66,B,12.3562
67,67,B,12.3562
67,68,B,12.3562
67,69,B,12.3562
67,70,B,12.3562
67,71,B,12.3562
67,72,B,12.3562
67,73,B,12.3562
67,74,B,12.3562
67,75,B,12.3562
67,76,B,12.3562
67,77,B,12.3562
67,78,B,12.3562
67,79,B,12.3562
67,80,B,12.3562
67,81,B,12.3562
67,82,B,12.3562
67,83,B,12.3562
67,84,B,12.3562
67,85,B,12.3562
67,86,B,12.3562
67,87,B,12.3562
67,88,B,12.3562
67,89,B,12.3562
67,90,B,12.3562
67,91,B,12.3562
67,92,B,12.3562
67,93,B,12.3562
67,94,B,12.3562
67,95,B,12.3562
67,96,B,12.3562
67,97,B,12.3562
67,98,B,12.3562
67,99,B,12.3562
67,100,None,-100.0
68,0,AM,31.449857999999995
68,1,AM,31.046978
68,2,AM,31.046978
68,3,AM,31.046978
68,4,AM,31.046978
68,5,AM,31.046978
68,6,AM,31.046978
68,7,AM,31.046978
68,8,B,15.5748
68,9,B,15.5748
68,10,B,15.5748
68,11,B,11.9223
68,12,B,11.9223
68,13,B,11.9223
68,14,B,11.9223
68,15,B,11.9223
68,16,B,11.9223
68,17,B,11.9223
68,18,B,11.9223
68,19,B,11.9223
68,20,B,11.9223
68,21,B,11.9223
68,22,B,11.9223
68,23,B,11.9223
68,24,B,11.9223
68,25,B,11.9223
68,26,B,11.9223
68,27,B,11.9223
68,28,B,11.9223
68,29,B,11.9223
68,30,B,11.9223
68,31,B,11.9223
68,32,B,11.9223
68,33,B,11.9223
68,34,B,11.9223
68,35,B,11.9223
68,36,B,11.9223
68,37,B,11.9223
68,38,B,11.9223
68,39,B,11.9223
68,40,B,11.9223
68,41,B,11.9223
68,42,B,11.9223
68,43,B,11.9223
68,44,B,11.9223
68,45,B,11.9223
68,46,B,11.9223
68,47,B,11.9223
68,48,B,11.9223
68,49,B,11.9223
68,50,B,11.9223
68,51,B,11.9223
68,52,B,11.9223
68,53,B,11.9223
68,54,B,11.9223
68,55,B,11.9223
68,56,B,11.9223
68,57,B,11.9223
68,58,B,11.9223
68,59,B,11.9223
68,60,B,11.9223
68,61,B,11.9223
68,62,B,11.9223
68,63,B,11.9223
68,64,B,11.9223
68,65,B,11.9223
68,66,B,11.9223
68,67,B,11.9223
68,68,B,11.9223
68,69,B,11.9223
68,70,B,11.9223
68,71,B,11.9223
68,72,B,11.9223
68,73,B,11.9223
68,74,B,11.9223
68,75,B,11.9223
68,76,B,11.9223
68,77,B,11.9223
68,78,B,11.9223
68,79,B,11.9223
68,80,B,11.9223
68,81,B,11.9223
68,82,B,11.9223
68,83,B,11.9223
68,84,B,11.9223
68,85,B,11.9223
68,86,B,11.9223
68,87,B,11.9223
68,88,B,11.9223
68,89,B,11.9223
68,90,B,11.9223
68,91,B,11.9223
68,92,B,11.9223
68,93,B,11.9223
68,94,B,11.9223
68,95,B,11.9223
68,96,B,11.9223
68,97,B,11.9223
68,98,B,11.9223
68,99,B,11.9223
68,100,None,-100.0
69,0,AM,30.457919999999994
69,1,AM,30.065168
69,2,AM,30.065168
69,3,AM,30.065168
69,4,AM,30.065168
69,5,AM,30.065168
69,6,AM,30.065168
69,7,AM,30.065168
69,8,AM,30.065168
69,9,B,14.9145
69,10,AM,15.586051
69,11,B,11.4916
69,12,B,11.4916
69,13,B,11.4916
69,14,B,11.4916
69,15,B,11.4916
69,16,B,11.4916
69,17,B,11.4916
69,18,B,11.4916
69,19,B,11.4916
69,20,B,11.4916
69,21,B,11.4916
69,22,B,11.4916
69,23,B,11.4916
69,24,B,11.4916
69,25,B,11.4916
69,26,B,11.4916
69,27,B,11.4916
69,28,B,11.4916
69,29,B,11.4916
69,30,B,11.4916
69,31,B,11.4916
69,32,B,11.4916
69,33,B,11.4916
69,34,B,11.4916
69,35,B,11.4916
69,36,B,11.4916
69,37,B,11.4916
69,38,B,11.4916
69,39,B,11.4916
69,40,B,11.4916
69,41,B,11.4916
69,42,B,11.4916
69,43,B,11.4916
69,44,B,11.4916
69,45,B,11.4916
69,46,B,11.4916
69,47,B,11.4916
69,48,B,11.4916
69,49,B,11.4916
69,50,B,11.4916
69,51,B,11.4916
69,52,B,11.4916
69,53,B,11.4916
69,54,B,11.4916
69,55,B,11.4916
69,56,B,11.4916
69,57,B,11.4916
69,58,B,11.4916
69,59,B,11.4916
69,60,B,11.4916
69,61,B,11.4916
69,62,B,11.4916
69,63,B,11.4916
69,64,B,11.4916
69,65,B,11.4916
69,66,B,11.4916
69,67,B,11.4916
69,68,B,11.4916
69,69,B,11.4916
69,70,B,11.4916
69,71,B,11.4916
69,72,B,11.4916
69,73,B,11.4916
69,74,B,11.4916
69,75,B,11.4916
69,76,B,11.4916
69,77,B,11.4916
69,78,B,11.4916
69,79,B,11.4916
69,80,B,11.4916
69,81,B,11.4916
69,82,B,11.4916
69,83,B,11.4916
69,84,B,11.4916
69,85,B,11.4916
69,86,B,11.4916
69,87,B,11.4916
69,88,B,11.4916
69,89,B,11.4916
69,90,B,11.4916
69,91,B,11.4916
69,92,B,11.4916
69,93,B,11.4916
69,94,B,11.4916
69,95,B,11.4916
69,96,B,11.4916
69,97,B,11.4916
69,98,B,11.4916
69,99,B,11.4916
69,100,None,-100.0
70,0,AM,29.466664999999995
70,1,AM,29.084647
70,2,AM,29.084647
70,3,AM,29.084647
70,4,AM,29.084647
70,5,AM,29.084647
70,6,AM,29.084647
70,7,AM,29.084647
70,8,AM,29.084647
70,9,AM,29.084647
70,10,AM,14.60553
70,11,B,11.0648
70,12,B,11.0648
70,13,B,11.0648
70,14,B,11.0648
70,15,B,11.0648
70,16,B,11.0648
70,17,B,11.0648
70,18,B,11.0648
70,19,B,11.0648
70,20,B,11.0648
70,21,B,11.0648
70,22,B,11.0648
70,23,B,11.0648
70,24,B,11.0648
70,25,B,11.0648
70,26,B,11.0648
70,27,B,11.0648
70,28,B,11.0648
70,29,B,11.0648
70,30,B,11.0648
70,31,B,11.0648
70,32,B,11.0648
70,33,B,11.0648
70,34,B,11.0648
70,35,B,11.0648
70,36,B,11.0648
70,37,B,11.0648
70,38,B,11.0648
70,39,B,11.0648
70,40,B,11.0648
70,41,B,11.0648
70,42,B,11.0648
70,43,B,11.0648
70,44,B,11.0648
70,45,B,11.0648
70,46,B,11.0648
70,47,B,11.0648
70,48,B,11.0648
70,49,B,11.0648
70,50,B,11.0648
70,51,B,11.0648
70,52,B,11.0648
70,53,B,11.0648
70,54,B,11.0648
70,55,B,11.0648
70,56,B,11.0648
70,57,B,11.0648
70,58,B,11.0648
70,59,B,11.0648
70,60,B,11.0648
70,61,B,11.0648
70,62,B,11.0648
70,63,B,11.0648
70,64,B,11.0648
70,65,B,11.0648
70,66,B,11.0648
70,67,B,11.0648
70,68,B,11.0648
70,69,B,11.0648
70,70,B,11.0648
70,71,B,11.0648
70,72,B,11.0648
70,73,B,11.0648
70,74,B,11.0648
70,75,B,11.0648
70,76,B,11.0648
70,77,B,11.0648
70,78,B,11.0648
70,79,B,11.0648
70,80,B,11.0648
70,81,B,11.0648
70,82,B,11.0648
70,83,B,11.0648
70,84,B,11.0648
70,85,B,11.0648
70,86,B,11.0648
70,87,B,11.0648
70,88,B,11.0648
70,89,B,11.0648
70,90,B,11.0648
70,91,B,11.0648
70,92,B,11.0648
70,93,B,11.0648
70,94,B,11.0648
70,95,B,11.0648
70,96,B,11.0648
70,97,B,11.0648
70,98,B,11.0648
70,99,B,11.0648
70,100,None,-100.0
71,0,AM,28.476202999999995
71,1,AM,28.105517
71,2,AM,28.105517
71,3,AM,28.105517
71,4,AM,28.105517
71,5,AM,28.105517
71,6,AM,28.105517
71,7,AM,28.105517
71,8,AM,28.105517
71,9,AM,28.105517
71,10,B,13.6264
71,11,B,10.64102
71,12,B,10.64102
71,13,B,10.64102
71,14,B,10.64102
71,15,B,10.64102
71,16,B,10.64102
71,17,B,10.64102
71,18,B,10.64102
71,19,B,10.64102
71,20,B,10.64102
71,21,B,10.64102
71,22,B,10.64102
71,23,B,10.64102
71,24,B,10.64102
71,25,B,10.64102
71,26,B,10.64102
71,27,B,10.64102
71,28,B,10.64102
71,29,B,10.64102
71,30,B,10.64102
71,31,B,10.64102
71,32,B,10.64102
71,33,B,10.64102
71,34,B,10.64102
71,35,B,10.64102
71,36,B,10.64102
71,37,B,10.64102
71,38,B,10.64102
71,39,B,10.64102
71,40,B,10.64102
71,41,B,10.64102
71,42,B,10.64102
71,43,B,10.64102
71,44,B,10.64102
71,45,B,10.64102
71,46,B,10.64102
71,47,B,10.64102
71,48,B,10.64102
71,49,B,10.64102
71,50,B,10.64102
71,51,B,10.64102
71,52,B,10.64102
71,53,B,10.64102
71,54,B,10.64102
71,55,B,10.64102
71,56,B,10.64102
71,57,B,10.64102
71,58,B,10.64102
71,59,B,10.64102
71,60,B,10.64102
71,61,B,10.64102
71,62,B,10.64102
71,63,B,10.64102
71,64,B,10.64102
71,65,B,10.64102
71,66,B,10.64102
71,67,B,10.64102
71,68,B,10.64102
71,69,B,10.64102
71,70,B,10.64102
71,71,B,10.64102
71,72,B,10.64102
71,73,B,10.64102
71,74,B,10.64102
71,75,B,10.64102
71,76,B,10.64102
71,77,B,10.64102
71,78,B,10.64102
71,79,B,10.64102
71,80,B,10.64102
71,81,B,10.64102
71,82,B,10.64102
71,83,B,10.64102
71,84,B,10.64102
71,85,B,10.64102
71,86,B,10.64102
71,87,B,10.64102
71,88,B,10.64102
71,89,B,10.64102
71,90,B,10.64102
71,91,B,10.64102
71,92,B,10.64102
71,93,B,10.64102
71,94,B,10.64102
71,95,B,10.64102
71,96,B,10.64102
71,97,B,10.64102
71,98,B,10.64102
71,99,B,10.64102
71,100,None,-100.0
72,0,AM,27.486599999999996
72,1,AM,27.128073
72,2,AM,27.128073
72,3,AM,27.128073
72,4,AM,27.128073
72,5,AM,27.128073
72,6,AM,27.128073
72,7,AM,27.128073
72,8,AM,27.128073
72,9,AM,27.128073
72,10,B,12.996
72,11,B,10.22192
72,12,B,10.22192
72,13,B,10.22192
72,14,B,10.22192
72,15,B,10.22192
72,16,B,10.22192
72,17,B,10.22192
72,18,B,10.22192
72,19,B,10.22192
72,20,B,10.22192
72,21,B,10.22192
72,22,B,10.22192
72,23,B,10.22192
72,24,B,10.22192
72,25,B,10.22192
72,26,B,10.22192
72,27,B,10.22192
72,28,B,10.22192
72,29,B,10.22192
72,30,B,10.22192
72,31,B,10.22192
72,32,B,10.22192
72,33,B,10.22192
72,34,B,10.22192
72,35,B,10.22192
72,36,B,10.22192
72,37,B,10.22192
72,38,B,10.22192
72,39,B,10.22192
72,40,B,10.22192
72,41,B,10.22192
72,42,B,10.22192
72,43,B,10.22192
72,44,B,10.22192
72,45,B,10.22192
72,46,B,10.22192
72,47,B,10.22192
72,48,B,10.22192
72,49,B,10.22192
72,50,B,10.22192
72,51,B,10.22192
72,52,B,10.22192
72,53,B,10.22192
72,54,B,10.22192
72,55,B,10.22192
72,56,B,10.22192
72,57,B,10.22192
72,58,B,10.22192
72,59,B,10.22192
72,60,B,10.22192
72,61,B,10.22192
72,62,B,10.22192
72,63,B,10.22192
72,64,B,10.22192
72,65,B,10.22192
72,66,B,10.22192
72,67,B,10.22192
72,68,B,10.22192
72,69,B,10.22192
72,70,B,10.22192
72,71,B,10.22192
72,72,B,10.22192
72,73,B,10.22192
72,74,B,10.22192
72,75,B,10.22192
72,76,B,10.22192
72,77,B,10.22192
72,78,B,10.22192
72,79,B,10.22192
72,80,B,10.22192
72,81,B,10.22192
72,82,B,10.22192
72,83,B,10.22192
72,84,B,10.22192
72,85,B,10.22192
72,86,B,10.22192
72,87,B,10.22192
72,88,B,10.22192
72,89,B,10.22192
72,90,B,10.22192
72,91,B,10.22192
72,92,B,10.22192
72,93,B,10.22192
72,94,B,10.22192
72,95,B,10.22192
72,96,B,10.22192
72,97,B,10.22192
72,98,B,10.22192
72,99,B,10.22192
72,100,None,-100.0
73,0,AM,26.498053999999996
73,1,AM,26.152607
73,2,AM,26.152607
73,3,AM,26.152607
73,4,AM,26.152607
73,5,AM,26.152607
73,6,AM,26.152607
73,7,AM,26.152607
73,8,AM,26.152607
73,9,AM,26.152607
73,10,AM,26.152607
73,11,B,9.80888
73,12,B,9.80888
73,13,B,9.80888
73,14,B,9.80888
73,15,B,9.80888
73,16,B,9.80888
73,17,B,9.80888
73,18,B,9.80888
73,19,B,9.80888
73,20,B,9.80888
73,21,B,9.80888
73,22,B,9.80888
73,23,B,9.80888
73,24,B,9.80888
73,25,B,9.80888
73,26,B,9.80888
73,27,B,9.80888
73,28,B,9.80888
73,29,B,9.80888
73,30,B,9.80888
73,31,B,9.80888
73,32,B,9.80888
73,33,B,9.80888
73,34,B,9.80888
73,35,B,9.80888
73,36,B,9.80888
73,37,B,9.80888
73,38,B,9.80888
73,39,B,9.80888
73,40,B,9.80888
73,41,B,9.80888
73,42,B,9.80888
73,43,B,9.80888
73,44,B,9.80888
73,45,B,9.80888
73,46,B,9.80888
73,47,B,9.80888
73,48,B,9.80888
73,49,B,9.80888
73,50,B,9.80888
73,51,B,9.80888
73,52,B,9.80888
73,53,B,9.80888
73,54,B,9.80888
73,55,B,9.80888
73,56,B,9.80888
73,57,B,9.80888
73,58,B,9.80888
73,59,B,9.80888
73,60,B,9.80888
73,61,B,9.80888
73,62,B,9.80888
73,63,B,9.80888
73,64,B,9.80888
73,65,B,9.80888
73,66,B,9.80888
73,67,B,9.80888
73,68,B,9.80888
73,69,B,9.80888
73,70,B,9.80888
73,71,B,9.80888
73,72,B,9.80888
73,73,B,9.80888
73,74,B,9.80888
73,75,B,9.80888
73,76,B,9.80888
73,77,B,9.80888
73,78,B,9.80888
73,79,B,9.80888
73,80,B,9.80888
73,81,B,9.80888
73,82,B,9.80888
73,83,B,9.80888
73,84,B,9.80888
73,85,B,9.80888
73,86,B,9.80888
73,87,B,9.80888
73,88,B,9.80888
73,89,B,9.80888
73,90,B,9.80888
73,91,B,9.80888
73,92,B,9.80888
73,93,B,9.80888
73,94,B,9.80888
73,95,B,9.80888
73,96,B,9.80888
73,97,B,9.80888
73,98,B,9.80888
73,99,B,9.80888
73,100,None,-100.0
74,0,AM,25.510696999999997
74,1,AM,25.179242
74,2,AM,25.179242
74,3,AM,25.179242
74,4,AM,25.179242
74,5,AM,25.179242
74,6,AM,25.179242
74,7,AM,25.179242
74,8,AM,25.179242
74,9,AM,25.179242
74,10,AM,25.179242
74,11,B,9.40057
74,12,B,9.40057
74,13,B,9.40057
74,14,B,9.40057
74,15,B,9.40057
74,16,B,9.40057
74,17,B,9.40057
74,18,B,9.40057
74,19,B,9.40057
74,20,B,9.40057
74,21,B,9.40057
74,22,B,9.40057
74,23,B,9.40057
74,24,B,9.40057
74,25,B,9.40057
74,26,B,9.40057
74,27,B,9.40057
74,28,B,9.40057
74,29,B,9.40057
74,30,B,9.40057
74,31,B,9.40057
74,32,B,9.40057
74,33,B,9.40057
74,34,B,9.40057
74,35,B,9.40057
74,36,B,9.40057
74,37,B,9.40057
74,38,B,9.40057
74,39,B,9.40057
74,40,B,9.40057
74,41,B,9.40057
74,42,B,9.40057
74,43,B,9.40057
74,44,B,9.40057
74,45,B,9.40057
74,46,B,9.40057
74,47,B,9.40057
74,48,B,9.40057
74,49,B,9.40057
74,50,B,9.40057
74,51,B,9.40057
74,52,B,9.40057
74,53,B,9.40057
74,54,B,9.40057
74,55,B,9.40057
74,56,B,9.40057
74,57,B,9.40057
74,58,B,9.40057
74,59,B,9.40057
74,60,B,9.40057
74,61,B,9.40057
74,62,B,9.40057
74,63,B,9.40057
74,64,B,9.40057
74,65,B,9.40057
74,66,B,9.40057
74,67,B,9.40057
74,68,B,9.40057
74,69,B,9.40057
74,70,B,9.40057
74,71,B,9.40057
74,72,B,9.40057
74,73,B,9.40057
74,74,B,9.40057
74,75,B,9.40057
74,76,B,9.40057
74,77,B,9.40057
74,78,B,9.40057
74,79,B,9.40057
74,80,B,9.40057
74,81,B,9.40057
74,82,B,9.40057
74,83,B,9.40057
74,84,B,9.40057
74,85,B,9.40057
74,86,B,9.40057
74,87,B,9.40057
74,88,B,9.40057
74,89,B,9.40057
74,90,B,9.40057
74,91,B,9.40057
74,92,B,9.40057
74,93,B,9.40057
74,94,B,9.40057
74,95,B,9.40057
74,96,B,9.40057
74,97,B,9.40057
74,98,B,9.40057
74,99,B,9.40057
74,100,None,-100.0
75,0,AM,24.524418999999998
75,1,AM,24.207969
75,2,AM,24.207969
75,3,AM,24.207969
75,4,AM,24.207969
75,5,AM,24.207969
75,6,AM,24.207969
75,7,AM,24.207969
75,8,AM,24.207969
75,9,AM,24.207969
75,10,AM,24.207969
75,11,B,8.9987
75,12,B,8.9987
75,13,B,8.9987
75,14,B,8.9987
75,15,B,8.9987
75,16,B,8.9987
75,17,B,8.9987
75,18,B,8.9987
75,19,B,8.9987
75,20,B,8.9987
75,21,B,8.9987
75,22,B,8.9987
75,23,B,8.9987
75,24,B,8.9987
75,25,B,8.9987
75,26,B,8.9987
75,27,B,8.9987
75,28,B,8.9987
75,29,B,8.9987
75,30,B,8.9987
75,31,B,8.9987
75,32,B,8.9987
75,33,B,8.9987
75,34,B,8.9987
75,35,B,8.9987
75,36,B,8.9987
75,37,B,8.9987
75,38,B,8.9987
75,39,B,8.9987
75,40,B,8.9987
75,41,B,8.9987
75,42,B,8.9987
75,43,B,8.9987
75,44,B,8.9987
75,45,B,8.9987
75,46,B,8.9987
75,47,B,8.9987
75,48,B,8.9987
75,49,B,8.9987
75,50,B,8.9987
75,51,B,8.9987
75,52,B,8.9987
75,53,B,8.9987
75,54,B,8.9987
75,55,B,8.9987
75,56,B,8.9987
75,57,B,8.9987
75,58,B,8.9987
75,59,B,8.9987
75,60,B,8.9987
75,61,B,8.9987
75,62,B,8.9987
75,63,B,8.9987
75,64,B,8.9987
75,65,B,8.9987
75,66,B,8.9987
75,67,B,8.9987
75,68,B,8.9987
75,69,B,8.9987
75,70,B,8.9987
75,71,B,8.9987
75,72,B,8.9987
75,73,B,8.9987
75,74,B,8.9987
75,75,B,8.9987
75,76,B,8.9987
75,77,B,8.9987
75,78,B,8.9987
75,79,B,8.9987
75,80,B,8.9987
75,81,B,8.9987
75,82,B,8.9987
75,83,B,8.9987
75,84,B,8.9987
75,85,B,8.9987
75,86,B,8.9987
75,87,B,8.9987
75,88,B,8.9987
75,89,B,8.9987
75,90,B,8.9987
75,91,B,8.9987
75,92,B,8.9987
75,93,B,8.9987
75,94,B,8.9987
75,95,B,8.9987
75,96,B,8.9987
75,97,B,8.9987
75,98,B,8.9987
75,99,B,8.9987
75,100,None,-100.0
76,0,AM,23.539693
76,1,AM,23.238812999999997
76,2,AM,23.238812999999997
76,3,AM,23.238812999999997
76,4,AM,23.238812999999997
76,5,AM,23.238812999999997
76,6,AM,23.238812999999997
76,7,AM,23.238812999999997
76,8,AM,23.238812999999997
76,9,AM,23.238812999999997
76,10,AM,23.238812999999997
76,11,B,8.60501
76,12,B,8.60501
76,13,B,8.60501
76,14,B,8.60501
76,15,B,8.60501
76,16,B,8.60501
76,17,B,8.60501
76,18,B,8.60501
76,19,B,8.60501
76,20,B,8.60501
76,21,B,8.60501
76,22,B,8.60501
76,23,B,8.60501
76,24,B,8.60501
76,25,B,8.60501
76,26,B,8.60501
76,27,B,8.60501
76,28,B,8.60501
76,29,B,8.60501
76,30,B,8.60501
76,31,B,8.60501
76,32,B,8.60501
76,33,B,8.60501
76,34,B,8.60501
76,35,B,8.60501
76,36,B,8.60501
76,37,B,8.60501
76,38,B,8.60501
76,39,B,8.60501
76,40,B,8.60501
76,41,B,8.60501
76,42,B,8.60501
76,43,B,8.60501
76,44,B,8.60501
76,45,B,8.60501
76,46,B,8.60501
76,47,B,8.60501
76,48,B,8.60501
76,49,B,8.60501
76,50,B,8.60501
76,51,B,8.60501
76,52,B,8.60501
76,53,B,8.60501
76,54,B,8.60501
76,55,B,8.60501
76,56,B,8.60501
76,57,B,8.60501
76,58,B,8.60501
76,59,B,8.60501
76,60,B,8.60501
76,61,B,8.60501
76,62,B,8.60501
76,63,B,8.60501
76,64,B,8.60501
76,65,B,8.60501
76,66,B,8.60501
76,67,B,8.60501
76,68,B,8.60501
76,69,B,8.60501
76,70,B,8.60501
76,71,B,8.60501
76,72,B,8.60501
76,73,B,8.60501
76,74,B,8.60501
76,75,B,8.60501
76,76,B,8.60501
76,77,B,8.60501
76,78,B,8.60501
76,79,B,8.60501
76,80,B,8.60501
76,81,B,8.60501
76,82,B,8.60501
76,83,B,8.60501
76,84,B,8.60501
76,85,B,8.60501
76,86,B,8.60501
76,87,B,8.60501
76,88,B,8.60501
76,89,B,8.60501
76,90,B,8.60501
76,91,B,8.60501
76,92,B,8.60501
76,93,B,8.60501
76,94,B,8.60501
76,95,B,8.60501
76,96,B,8.60501
76,97,B,8.60501
76,98,B,8.60501
76,99,B,8.60501
76,100,None,-100.0
77,0,AM,22.556595
77,1,AM,22.271798999999998
77,2,AM,22.271798999999998
77,3,AM,22.271798999999998
77,4,AM,22.271798999999998
77,5,AM,22.271798999999998
77,6,AM,22.271798999999998
77,7,AM,22.271798999999998
77,8,AM,22.271798999999998
77,9,AM,22.271798999999998
77,10,AM,22.271798999999998
77,11,B,8.2158
77,12,B,8.2158
77,13,B,8.2158
77,14,B,8.2158
77,15,B,8.2158
77,16,B,8.2158
77,17,B,8.2158
77,18,B,8.2158
77,19,B,8.2158
77,20,B,8.2158
77,21,B,8.2158
77,22,B,8.2158
77,23,B,8.2158
77,24,B,8.2158
77,25,B,8.2158
77,26,B,8.2158
77,27,B,8.2158
77,28,B,8.2158
77,29,B,8.2158
77,30,B,8.2158
77,31,B,8.2158
77,32,B,8.2158
77,33,B,8.2158
77,34,B,8.2158
77,35,B,8.2158
77,36,B,8.2158
77,37,B,8.2158
77,38,B,8.2158
77,39,B,8.2158
77,40,B,8.2158
77,41,B,8.2158
77,42,B,8.2158
77,43,B,8.2158
77,44,B,8.2158
77,45,B,8.2158
77,46,B,8.2158
77,47,B,8.2158
77,48,B,8.2158
77,49,B,8.2158
77,50,B,8.2158
77,51,B,8.2158
77,52,B,8.2158
77,53,B,8.2158
77,54,B,8.2158
77,55,B,8.2158
77,56,B,8.2158
77,57,B,8.2158
77,58,B,8.2158
77,59,B,8.2158
77,60,B,8.2158
77,61,B,8.2158
77,62,B,8.2158
77,63,B,8.2158
77,64,B,8.2158
77,65,B,8.2158
77,66,B,8.2158
77,67,B,8.2158
77,68,B,8.2158
77,69,B,8.2158
77,70,B,8.2158
77,71,B,8.2158
77,72,B,8.2158
77,73,B,8.2158
77,74,B,8.2158
77,75,B,8.2158
77,76,B,8.2158
77,77,B,8.2158
77,78,B,8.2158
77,79,B,8.2158
77,80,B,8.2158
77,81,B,8.2158
77,82,B,8.2158
77,83,B,8.2158
77,84,B,8.2158
77,85,B,8.2158
77,86,B,8.2158
77,87,B,8.2158
77,88,B,8.2158
77,89,B,8.2158
77,90,B,8.2158
77,91,B,8.2158
77,92,B,8.2158
77,93,B,8.2158
77,94,B,8.2158
77,95,B,8.2158
77,96,B,8.2158
77,97,B,8.2158
77,98,B,8.2158
77,99,B,8.2158
77,100,None,-100.0
78,0,AM,21.575203000000002
78,1,AM,21.307008999999997
78,2,AM,21.307008999999997
78,3,AM,21.307008999999997
78,4,AM,21.307008999999997
78,5,AM,21.307008999999997
78,6,AM,21.307008999999997
78,7,AM,21.307008999999997
78,8,AM,21.307008999999997
78,9,AM,21.307008999999997
78,10,AM,21.307008999999997
78,11,B,7.8312
78,12,B,7.8312
78,13,B,7.8312
78,14,B,7.8312
78,15,B,7.8312
78,16,B,7.8312
78,17,B,7.8312
78,18,B,7.8312
78,19,B,7.8312
78,20,B,7.8312
78,21,B,7.8312
78,22,B,7.8312
78,23,B,7.8312
78,24,B,7.8312
78,25,B,7.8312
78,26,B,7.8312
78,27,B,7.8312
78,28,B,7.8312
78,29,B,7.8312
78,30,B,7.8312
78,31,B,7.8312
78,32,B,7.8312
78,33,B,7.8312
78,34,B,7.8312
78,35,B,7.8312
78,36,B,7.8312
78,37,B,7.8312
78,38,B,7.8312
78,39,B,7.8312
78,40,B,7.8312
78,41,B,7.8312
78,42,B,7.8312
78,43,B,7.8312
78,44,B,7.8312
78,45,B,7.8312
78,46,B,7.8312
78,47,B,7.8312
78,48,B,7.8312
78,49,B,7.8312
78,50,B,7.8312
78,51,B,7.8312
78,52,B,7.8312
78,53,B,7.8312
78,54,B,7.8312
78,55,B,7.8312
78,56,B,7.8312
78,57,B,7.8312
78,58,B,7.8312
78,59,B,7.8312
78,60,B,7.8312
78,61,B,7.8312
78,62,B,7.8312
78,63,B,7.8312
78,64,B,7.8312
78,65,B,7.8312
78,66,B,7.8312
78,67,B,7.8312
78,68,B,7.8312
78,69,B,7.8312
78,70,B,7.8312
78,71,B,7.8312
78,72,B,7.8312
78,73,B,7.8312
78,74,B,7.8312
78,75,B,7.8312
78,76,B,7.8312
78,77,B,7.8312
78,78,B,7.8312
78,79,B,7.8312
78,80,B,7.8312
78,81,B,7.8312
78,82,B,7.8312
78,83,B,7.8312
78,84,B,7.8312
78,85,B,7.8312
78,86,B,7.8312
78,87,B,7.8312
78,88,B,7.8312
78,89,B,7.8312
78,90,B,7.8312
78,91,B,7.8312
78,92,B,7.8312
78,93,B,7.8312
78,94,B,7.8312
78,95,B,7.8312
78,96,B,7.8312
78,97,B,7.8312
78,98,B,7.8312
78,99,B,7.8312
78,100,None,-100.0
79,0,AM,20.595718
79,1,AM,20.344742999999998
79,2,AM,20.344742999999998
79,3,AM,20.344742999999998
79,4,AM,20.344742999999998
79,5,AM,20.344742999999998
79,6,AM,20.344742999999998
79,7,AM,20.344742999999998
79,8,AM,20.344742999999998
79,9,AM,20.344742999999998
79,10,AM,20.344742999999998
79,11,B,7.45139
79,12,B,7.45139
79,13,B,7.45139
79,14,B,7.45139
79,15,B,7.45139
79,16,B,7.45139
79,17,B,7.45139
79,18,B,7.45139
79,19,B,7.45139
79,20,B,7.45139
79,21,B,7.45139
79,22,B,7.45139
79,23,B,7.45139
79,24,B,7.45139
79,25,B,7.45139
79,26,B,7.45139
79,27,B,7.45139
79,28,B,7.45139
79,29,B,7.45139
79,30,B,7.45139
79,31,B,7.45139
79,32,B,7.45139
79,33,B,7.45139
79,34,B,7.45139
79,35,B,7.45139
79,36,B,7.45139
79,37,B,7.45139
79,38,B,7.45139
79,39,B,7.45139
79,40,B,7.45139
79,41,B,7.45139
79,42,B,7.45139
79,43,B,7.45139
79,44,B,7.45139
79,45,B,7.45139
79,46,B,7.45139
79,47,B,7.45139
79,48,B,7.45139
79,49,B,7.45139
79,50,B,7.45139
79,51,B,7.45139
79,52,B,7.45139
79,53,B,7.45139
79,54,B,7.45139
79,55,B,7.45139
79,56,B,7.45139
79,57,B,7.45139
79,58,B,7.45139
79,59,B,7.45139
79,60,B,7.45139
79,61,B,7.45139
79,62,B,7.45139
79,63,B,7.45139
79,64,B,7.45139
79,65,B,7.45139
79,66,B,7.45139
79,67,B,7.45139
79,68,B,7.45139
79,69,B,7.45139
79,70,B,7.45139
79,71,B,7.45139
79,72,B,7.45139
79,73,B,7.45139
79,74,B,7.45139
79,75,B,7.45139
79,76,B,7.45139
79,77,B,7.45139
79,78,B,7.45139
79,79,B,7.45139
79,80,B,7.45139
79,81,B,7.45139
79,82,B,7.45139
79,83,B,7.45139
79,84,B,7.45139
79,85,B,7.45139
79,86,B,7.45139
79,87,B,7.45139
79,88,B,7.45139
79,89,B,7.45139
79,90,B,7.45139
79,91,B,7.45139
79,92,B,7.45139
79,93,B,7.45139
79,94,B,7.45139
79,95,B,7.45139
79,96,B,7.45139
79,97,B,7.45139
79,98,B,7.45139
79,99,B,7.45139
79,100,None,-100.0
80,0,AM,19.618215000000003
80,1,AM,19.385585999999996
80,2,AM,19.385585999999996
80,3,AM,19.385585999999996
80,4,AM,19.385585999999996
80,5,AM,19.385585999999996
80,6,AM,19.385585999999996
80,7,AM,19.385585999999996
80,8,AM,19.385585999999996
80,9,AM,19.385585999999996
80,10,AM,19.385585999999996
80,11,B,7.08318
80,12,B,7.08318
80,13,B,7.08318
80,14,B,7.08318
80,15,B,7.08318
80,16,B,7.08318
80,17,B,7.08318
80,18,B,7.08318
80,19,B,7.08318
80,20,B,7.08318
80,21,B,7.08318
80,22,B,7.08318
80,23,B,7.08318
80,24,B,7.08318
80,25,B,7.08318
80,26,B,7.08318
80,27,B,7.08318
80,28,B,7.08318
80,29,B,7.08318
80,30,B,7.08318
80,31,B,7.08318
80,32,B,7.08318
80,33,B,7.08318
80,34,B,7.08318
80,35,B,7.08318
80,36,B,7.08318
80,37,B,7.08318
80,38,B,7.08318
80,39,B,7.08318
80,40,B,7.08318
80,41,B,7.08318
80,42,B,7.08318
80,43,B,7.08318
80,44,B,7.08318
80,45,B,7.08318
80,46,B,7.08318
80,47,B,7.08318
80,48,B,7.08318
80,49,B,7.08318
80,50,B,7.08318
80,51,B,7.08318
80,52,B,7.08318
80,53,B,7.08318
80,54,B,7.08318
80,55,B,7.08318
80,56,B,7.08318
80,57,B,7.08318
80,58,B,7.08318
80,59,B,7.08318
80,60,B,7.08318
80,61,B,7.08318
80,62,B,7.08318
80,63,B,7.08318
80,64,B,7.08318
80,65,B,7.08318
80,66,B,7.08318
80,67,B,7.08318
80,68,B,7.08318
80,69,B,7.08318
80,70,B,7.08318
80,71,B,7.08318
80,72,B,7.08318
80,73,B,7.08318
80,74,B,7.08318
80,75,B,7.08318
80,76,B,7.08318
80,77,B,7.08318
80,78,B,7.08318
80,79,B,7.08318
80,80,B,7.08318
80,81,B,7.08318
80,82,B,7.08318
80,83,B,7.08318
80,84,B,7.08318
80,85,B,7.08318
80,86,B,7.08318
80,87,B,7.08318
80,88,B,7.08318
80,89,B,7.08318
80,90,B,7.08318
80,91,B,7.08318
80,92,B,7.08318
80,93,B,7.08318
80,94,B,7.08318
80,95,B,7.08318
80,96,B,7.08318
80,97,B,7.08318
80,98,B,7.08318
80,99,B,7.08318
80,100,None,-100.0
81,0,AM,18.643295000000002
81,1,AM,18.430236999999998
81,2,AM,18.430236999999998
81,3,AM,18.430236999999998
81,4,AM,18.430236999999998
81,5,AM,18.430236999999998
81,6,AM,18.430236999999998
81,7,AM,18.430236999999998
81,8,AM,18.430236999999998
81,9,AM,18.430236999999998
81,10,AM,18.430236999999998
81,11,AM,18.430236999999998
81,12,AM,18.430236999999998
81,13,AM,18.430236999999998
81,14,AM,18.430236999999998
81,15,AM,18.430236999999998
81,16,B,6.72674
81,17,B,6.72674
81,18,B,6.72674
81,19,B,6.72674
81,20,B,6.72674
81,21,B,6.72674
81,22,B,6.72674
81,23,B,6.72674
81,24,B,6.72674
81,25,B,6.72674
81,26,B,6.72674
81,27,B,6.72674
81,28,B,6.72674
81,29,B,6.72674
81,30,B,6.72674
81,31,B,6.72674
81,32,B,6.72674
81,33,B,6.72674
81,34,B,6.72674
81,35,B,6.72674
81,36,B,6.72674
81,37,B,6.72674
81,38,B,6.72674
81,39,B,6.72674
81,40,B,6.72674
81,41,B,6.72674
81,42,B,6.72674
81,43,B,6.72674
81,44,B,6.72674
81,45,B,6.72674
81,46,B,6.72674
81,47,B,6.72674
81,48,B,6.72674
81,49,B,6.72674
81,50,B,6.72674
81,51,B,6.72674
81,52,B,6.72674
81,53,B,6.72674
81,54,B,6.72674
81,55,B,6.72674
81,56,B,6.72674
81,57,B,6.72674
81,58,B,6.72674
81,59,B,6.72674
81,60,B,6.72674
81,61,B,6.72674
81,62,B,6.72674
81,63,B,6.72674
81,64,B,6.72674
81,65,B,6.72674
81,66,B,6.72674
81,67,B,6.72674
81,68,B,6.72674
81,69,B,6.72674
81,70,B,6.72674
81,71,B,6.72674
81,72,B,6.72674
81,73,B,6.72674
81,74,B,6.72674
81,75,B,6.72674
81,76,B,6.72674
81,77,B,6.72674
81,78,B,6.72674
81,79,B,6.72674
81,80,B,6.72674
81,81,B,6.72674
81,82,B,6.72674
81,83,B,6.72674
81,84,B,6.72674
81,85,B,6.72674
81,86,B,6.72674
81,87,B,6.72674
81,88,B,6.72674
81,89,B,6.72674
81,90,B,6.72674
81,91,B,6.72674
81,92,B,6.72674
81,93,B,6.72674
81,94,B,6.72674
81,95,B,6.72674
81,96,B,6.72674
81,97,B,6.72674
81,98,B,6.72674
81,99,B,6.72674
81,100,None,-100.0
82,0,AM,17.670949
82,1,AM,17.479008999999998
82,2,AM,17.479008999999998
82,3,AM,17.479008999999998
82,4,AM,17.479008999999998
82,5,AM,17.479008999999998
82,6,AM,17.479008999999998
82,7,AM,17.479008999999998
82,8,AM,17.479008999999998
82,9,AM,17.479008999999998
82,10,AM,17.479008999999998
82,11,AM,17.479008999999998
82,12,AM,17.479008999999998
82,13,AM,17.479008999999998
82,14,AM,17.479008999999998
82,15,AM,17.479008999999998
82,16,B,6.38084
82,17,B,6.38084
82,18,B,6.38084
82,19,B,6.38084
82,20,B,6.38084
82,21,B,6.38084
82,22,B,6.38084
82,23,B,6.38084
82,24,B,6.38084
82,25,B,6.38084
82,26,B,6.38084
82,27,B,6.38084
82,28,B,6.38084
82,29,B,6.38084
82,30,B,6.38084
82,31,B,6.38084
82,32,B,6.38084
82,33,B,6.38084
82,34,B,6.38084
82,35,B,6.38084
82,36,B,6.38084
82,37,B,6.38084
82,38,B,6.38084
82,39,B,6.38084
82,40,B,6.38084
82,41,B,6.38084
82,42,B,6.38084
82,43,B,6.38084
82,44,B,6.38084
82,45,B,6.38084
82,46,B,6.38084
82,47,B,6.38084
82,48,B,6.38084
82,49,B,6.38084
82,50,B,6.38084
82,51,B,6.38084
82,52,B,6.38084
82,53,B,6.38084
82,54,B,6.38084
82,55,B,6.38084
82,56,B,6.38084
82,57,B,6.38084
82,58,B,6.38084
82,59,B,6.38084
82,60,B,6.38084
82,61,B,6.38084
82,62,B,6.38084
82,63,B,6.38084
82,64,B,6.38084
82,65,B,6.38084
82,66,B,6.38084
82,67,B,6.38084
82,68,B,6.38084
82,69,B,6.38084
82,70,B,6.38084
82,71,B,6.38084
82,72,B,6.38084
82,73,B,6.38084
82,74,B,6.38084
82,75,B,6.38084
82,76,B,6.38084
82,77,B,6.38084
82,78,B,6.38084
82,79,B,6.38084
82,80,B,6.38084
82,81,B,6.38084
82,82,B,6.38084
82,83,B,6.38084
82,84,B,6.38084
82,85,B,6.38084
82,86,B,6.38084
82,87,B,6.38084
82,88,B,6.38084
82,89,B,6.38084
82,90,B,6.38084
82,91,B,6.38084
82,92,B,6.38084
82,93,B,6.38084
82,94,B,6.38084
82,95,B,6.38084
82,96,B,6.38084
82,97,B,6.38084
82,98,B,6.38084
82,99,B,6.38084
82,100,None,-100.0
83,0,AM,16.701385000000002
83,1,AM,16.531935999999998
83,2,AM,16.531935999999998
83,3,AM,16.531935999999998
83,4,AM,16.531935999999998
83,5,AM,16.531935999999998
83,6,AM,16.531935999999998
83,7,AM,16.531935999999998
83,8,AM,16.531935999999998
83,9,AM,16.531935999999998
83,10,AM,16.531935999999998
83,11,AM,16.531935999999998
83,12,AM,16.531935999999998
83,13,AM,16.531935999999998
83,14,AM,16.531935999999998
83,15,AM,16.531935999999998
83,16,B,6.04909
83,17,B,6.04909
83,18,B,6.04909
83,19,B,6.04909
83,20,B,6.04909
83,21,B,6.04909
83,22,B,6.04909
83,23,B,6.04909
83,24,B,6.04909
83,25,B,6.04909
83,26,B,6.04909
83,27,B,6.04909
83,28,B,6.04909
83,29,B,6.04909
83,30,B,6.04909
83,31,B,6.04909
83,32,B,6.04909
83,33,B,6.04909
83,34,B,6.04909
83,35,B,6.04909
83,36,B,6.04909
83,37,B,6.04909
83,38,B,6.04909
83,39,B,6.04909
83,40,B,6.04909
83,41,B,6.04909
83,42,B,6.04909
83,43,B,6.04909
83,44,B,6.04909
83,45,B,6.04909
83,46,B,6.04909
83,47,B,6.04909
83,48,B,6.04909
83,49,B,6.04909
83,50,B,6.04909
83,51,B,6.04909
83,52,B,6.04909
83,53,B,6.04909
83,54,B,6.04909
83,55,B,6.04909
83,56,B,6.04909
83,57,B,6.04909
83,58,B,6.04909
83,59,B,6.04909
83,60,B,6.04909
83,61,B,6.04909
83,62,B,6.04909
83,63,B,6.04909
83,64,B,6.04909
83,65,B,6.04909
83,66,B,6.04909
83,67,B,6.04909
83,68,B,6.04909
83,69,B,6.04909
83,70,B,6.04909
83,71,B,6.04909
83,72,B,6.04909
83,73,B,6.04909
83,74,B,6.04909
83,75,B,6.04909
83,76,B,6.04909
83,77,B,6.04909
83,78,B,6.04909
83,79,B,6.04909
83,80,B,6.04909
83,81,B,6.04909
83,82,B,6.04909
83,83,B,6.04909
83,84,B,6.04909
83,85,B,6.04909
83,86,B,6.04909
83,87,B,6.04909
83,88,B,6.04909
83,89,B,6.04909
83,90,B,6.04909
83,91,B,6.04909
83,92,B,6.04909
83,93,B,6.04909
83,94,B,6.04909
83,95,B,6.04909
83,96,B,6.04909
83,97,B,6.04909
83,98,B,6.04909
83,99,B,6.04909
83,100,None,-100.0
84,0,AM,15.735409
84,1,AM,15.589004999999998
84,2,AM,15.589004999999998
84,3,AM,15.589004999999998
84,4,AM,15.589004999999998
84,5,AM,15.589004999999998
84,6,AM,15.589004999999998
84,7,AM,15.589004999999998
84,8,AM,15.589004999999998
84,9,AM,15.589004999999998
84,10,AM,15.589004999999998
84,11,AM,15.589004999999998
84,12,AM,15.589004999999998
84,13,AM,15.589004999999998
84,14,AM,15.589004999999998
84,15,AM,15.589004999999998
84,16,B,5.73112
84,17,B,5.73112
84,18,B,5.73112
84,19,B,5.73112
84,20,B,5.73112
84,21,B,5.73112
84,22,B,5.73112
84,23,B,5.73112
84,24,B,5.73112
84,25,B,5.73112
84,26,B,5.73112
84,27,B,5.73112
84,28,B,5.73112
84,29,B,5.73112
84,30,B,5.73112
84,31,B,5.73112
84,32,B,5.73112
84,33,B,5.73112
84,34,B,5.73112
84,35,B,5.73112
84,36,B,5.73112
84,37,B,5.73112
84,38,B,5.73112
84,39,B,5.73112
84,40,B,5.73112
84,41,B,5.73112
84,42,B,5.73112
84,43,B,5.73112
84,44,B,5.73112
84,45,B,5.73112
84,46,B,5.73112
84,47,B,5.73112
84,48,B,5.73112
84,49,B,5.73112
84,50,B,5.73112
84,51,B,5.73112
84,52,B,5.73112
84,53,B,5.73112
84,54,B,5.73112
84,55,B,5.73112
84,56,B,5.73112
84,57,B,5.73112
84,58,B,5.73112
84,59,B,5.73112
84,60,B,5.73112
84,61,B,5.73112
84,62,B,5.73112
84,63,B,5.73112
84,64,B,5.73112
84,65,B,5.73112
84,66,B,5.73112
84,67,B,5.73112
84,68,B,5.73112
84,69,B,5.73112
84,70,B,5.73112
84,71,B,5.73112
84,72,B,5.73112
84,73,B,5.73112
84,74,B,5.73112
84,75,B,5.73112
84,76,B,5.73112
84,77,B,5.73112
84,78,B,5.73112
84,79,B,5.73112
84,80,B,5.73112
84,81,B,5.73112
84,82,B,5.73112
84,83,B,5.73112
84,84,B,5.73112
84,85,B,5.73112
84,86,B,5.73112
84,87,B,5.73112
84,88,B,5.73112
84,89,B,5.73112
84,90,B,5.73112
84,91,B,5.73112
84,92,B,5.73112
84,93,B,5.73112
84,94,B,5.73112
84,95,B,5.73112
84,96,B,5.73112
84,97,B,5.73112
84,98,B,5.73112
84,99,B,5.73112
84,100,None,-100.0
85,0,AM,14.773015000000001
85,1,AM,14.650189999999998
85,2,AM,14.650189999999998
85,3,AM,14.650189999999998
85,4,AM,14.650189999999998
85,5,AM,14.650189999999998
85,6,AM,14.650189999999998
85,7,AM,14.650189999999998
85,8,AM,14.650189999999998
85,9,AM,14.650189999999998
85,10,AM,14.650189999999998
85,11,AM,14.650189999999998
85,12,AM,14.650189999999998
85,13,AM,14.650189999999998
85,14,AM,14.650189999999998
85,15,AM,14.650189999999998
85,16,B,5.42878
85,17,B,5.42878
85,18,B,5.42878
85,19,B,5.42878
85,20,B,5.42878
85,21,B,5.42878
85,22,B,5.42878
85,23,B,5.42878
85,24,B,5.42878
85,25,B,5.42878
85,26,B,5.42878
85,27,B,5.42878
85,28,B,5.42878
85,29,B,5.42878
85,30,B,5.42878
85,31,B,5.42878
85,32,B,5.42878
85,33,B,5.42878
85,34,B,5.42878
85,35,B,5.42878
85,36,B,5.42878
85,37,B,5.42878
85,38,B,5.42878
85,39,B,5.42878
85,40,B,5.42878
85,41,B,5.42878
85,42,B,5.42878
85,43,B,5.42878
85,44,B,5.42878
85,45,B,5.42878
85,46,B,5.42878
85,47,B,5.42878
85,48,B,5.42878
85,49,B,5.42878
85,50,B,5.42878
85,51,B,5.42878
85,52,B,5.42878
85,53,B,5.42878
85,54,B,5.42878
85,55,B,5.42878
85,56,B,5.42878
85,57,B,5.42878
85,58,B,5.42878
85,59,B,5.42878
85,60,B,5.42878
85,61,B,5.42878
85,62,B,5.42878
85,63,B,5.42878
85,64,B,5.42878
85,65,B,5.42878
85,66,B,5.42878
85,67,B,5.42878
85,68,B,5.42878
85,69,B,5.42878
85,70,B,5.42878
85,71,B,5.42878
85,72,B,5.42878
85,73,B,5.42878
85,74,B,5.42878
85,75,B,5.42878
85,76,B,5.42878
85,77,B,5.42878
85,78,B,5.42878
85,79,B,5.42878
85,80,B,5.42878
85,81,B,5.42878
85,82,B,5.42878
85,83,B,5.42878
85,84,B,5.42878
85,85,B,5.42878
85,86,B,5.42878
85,87,B,5.42878
85,88,B,5.42878
85,89,B,5.42878
85,90,B,5.42878
85,91,B,5.42878
85,92,B,5.42878
85,93,B,5.42878
85,94,B,5.42878
85,95,B,5.42878
85,96,B,5.42878
85,97,B,5.42878
85,98,B,5.42878
85,99,B,5.42878
85,100,None,-100.0
86,0,AM,13.814806
86,1,AM,13.715483999999998
86,2,AM,13.715483999999998
86,3,AM,13.715483999999998
86,4,AM,13.715483999999998
86,5,AM,13.715483999999998
86,6,AM,13.715483999999998
86,7,AM,13.715483999999998
86,8,AM,13.715483999999998
86,9,AM,13.715483999999998
86,10,AM,13.715483999999998
86,11,AM,13.715483999999998
86,12,AM,13.715483999999998
86,13,AM,13.715483999999998
86,14,AM,13.715483999999998
86,15,AM,13.715483999999998
86,16,B,5.13934
86,17,B,5.13934
86,18,B,5.13934
86,19,B,5.13934
86,20,B,5.13934
86,21,B,5.13934
86,22,B,5.13934
86,23,B,5.13934
86,24,B,5.13934
86,25,B,5.13934
86,26,B,5.13934
86,27,B,5.13934
86,28,B,5.13934
86,29,B,5.13934
86,30,B,5.13934
86,31,B,5.13934
86,32,B,5.13934
86,33,B,5.13934
86,34,B,5.13934
86,35,B,5.13934
86,36,B,5.13934
86,37,B,5.13934
86,38,B,5.13934
86,39,B,5.13934
86,40,B,5.13934
86,41,B,5.13934
86,42,B,5.13934
86,43,B,5.13934
86,44,B,5.13934
86,45,B,5.13934
86,46,B,5.13934
86,47,B,5.13934
86,48,B,5.13934
86,49,B,5.13934
86,50,B,5.13934
86,51,B,5.13934
86,52,B,5.13934
86,53,B,5.13934
86,54,B,5.13934
86,55,B,5.13934
86,56,B,5.13934
86,57,B,5.13934
86,58,B,5.13934
86,59,B,5.13934
86,60,B,5.13934
86,61,B,5.13934
86,62,B,5.13934
86,63,B,5.13934
86,64,B,5.13934
86,65,B,5.13934
86,66,B,5.13934
86,67,B,5.13934
86,68,B,5.13934
86,69,B,5.13934
86,70,B,5.13934
86,71,B,5.13934
86,72,B,5.13934
86,73,B,5.13934
86,74,B,5.13934
86,75,B,5.13934
86,76,B,5.13934
86,77,B,5.13934
86,78,B,5.13934
86,79,B,5.13934
86,80,B,5.13934
86,81,B,5.13934
86,82,B,5.13934
86,83,B,5.13934
86,84,B,5.13934
86,85,B,5.13934
86,86,B,5.13934
86,87,B,5.13934
86,88,B,5.13934
86,89,B,5.13934
86,90,B,5.13934
86,91,B,5.13934
86,92,B,5.13934
86,93,B,5.13934
86,94,B,5.13934
86,95,B,5.13934
86,96,B,5.13934
86,97,B,5.13934
86,98,B,5.13934
86,99,B,5.13934
86,100,None,-100.0
87,0,AM,12.860879
87,1,AM,12.784868999999999
87,2,AM,12.784868999999999
87,3,AM,12.784868999999999
87,4,AM,12.784868999999999
87,5,AM,12.784868999999999
87,6,AM,12.784868999999999
87,7,AM,12.784868999999999
87,8,AM,12.784868999999999
87,9,AM,12.784868999999999
87,10,AM,12.784868999999999
87,11,AM,12.784868999999999
87,12,AM,12.784868999999999
87,13,AM,12.784868999999999
87,14,AM,12.784868999999999
87,15,AM,12.784868999999999
87,16,B,4.86208
87,17,B,4.86208
87,18,B,4.86208
87,19,B,4.86208
87,20,B,4.86208
87,21,B,4.86208
87,22,B,4.86208
87,23,B,4.86208
87,24,B,4.86208
87,25,B,4.86208
87,26,B,4.86208
87,27,B,4.86208
87,28,B,4.86208
87,29,B,4.86208
87,30,B,4.86208
87,31,B,4.86208
87,32,B,4.86208
87,33,B,4.86208
87,34,B,4.86208
87,35,B,4.86208
87,36,B,4.86208
87,37,B,4.86208
87,38,B,4.86208
87,39,B,4.86208
87,40,B,4.86208
87,41,B,4.86208
87,42,B,4.86208
87,43,B,4.86208
87,44,B,4.86208
87,45,B,4.86208
87,46,B,4.86208
87,47,B,4.86208
87,48,B,4.86208
87,49,B,4.86208
87,50,B,4.86208
87,51,B,4.86208
87,52,B,4.86208
87,53,B,4.86208
87,54,B,4.86208
87,55,B,4.86208
87,56,B,4.86208
87,57,B,4.86208
87,58,B,4.86208
87,59,B,4.86208
87,60,B,4.86208
87,61,B,4.86208
87,62,B,4.86208
87,63,B,4.86208
87,64,B,4.86208
87,65,B,4.86208
87,66,B,4.86208
87,67,B,4.86208
87,68,B,4.86208
87,69,B,4.86208
87,70,B,4.86208
87,71,B,4.86208
87,72,B,4.86208
87,73,B,4.86208
87,74,B,4.86208
87,75,B,4.86208
87,76,B,4.86208
87,77,B,4.86208
87,78,B,4.86208
87,79,B,4.86208
87,80,B,4.86208
87,81,B,4.86208
87,82,B,4.86208
87,83,B,4.86208
87,84,B,4.86208
87,85,B,4.86208
87,86,B,4.86208
87,87,B,4.86208
87,88,B,4.86208
87,89,B,4.86208
87,90,B,4.86208
87,91,B,4.86208
87,92,B,4.86208
87,93,B,4.86208
87,94,B,4.86208
87,95,B,4.86208
87,96,B,4.86208
87,97,B,4.86208
87,98,B,4.86208
87,99,B,4.86208
87,100,None,-100.0
88,0,AM,11.911901
88,1,AM,11.858341999999999
88,2,AM,11.858341999999999
88,3,AM,11.858341999999999
88,4,AM,11.858341999999999
88,5,AM,11.858341999999999
88,6,AM,11.858341999999999
88,7,AM,11.858341999999999
88,8,AM,11.858341999999999
88,9,AM,11.858341999999999
88,10,AM,11.858341999999999
88,11,AM,11.858341999999999
88,12,AM,11.858341999999999
88,13,AM,11.858341999999999
88,14,AM,11.858341999999999
88,15,AM,11.858341999999999
88,16,B,4.59797
88,17,B,4.59797
88,18,B,4.59797
88,19,B,4.59797
88,20,B,4.59797
88,21,B,4.59797
88,22,B,4.59797
88,23,B,4.59797
88,24,B,4.59797
88,25,B,4.59797
88,26,B,4.59797
88,27,B,4.59797
88,28,B,4.59797
88,29,B,4.59797
88,30,B,4.59797
88,31,B,4.59797
88,32,B,4.59797
88,33,B,4.59797
88,34,B,4.59797
88,35,B,4.59797
88,36,B,4.59797
88,37,B,4.59797
88,38,B,4.59797
88,39,B,4.59797
88,40,B,4.59797
88,41,B,4.59797
88,42,B,4.59797
88,43,B,4.59797
88,44,B,4.59797
88,45,B,4.59797
88,46,B,4.59797
88,47,B,4.59797
88,48,B,4.59797
88,49,B,4.59797
88,50,B,4.59797
88,51,B,4.59797
88,52,B,4.59797
88,53,B,4.59797
88,54,B,4.59797
88,55,B,4.59797
88,56,B,4.59797
88,57,B,4.59797
88,58,B,4.59797
88,59,B,4.59797
88,60,B,4.59797
88,61,B,4.59797
88,62,B,4.59797
88,63,B,4.59797
88,64,B,4.59797
88,65,B,4.59797
88,66,B,4.59797
88,67,B,4.59797
88,68,B,4.59797
88,69,B,4.59797
88,70,B,4.59797
88,71,B,4.59797
88,72,B,4.59797
88,73,B,4.59797
88,74,B,4.59797
88,75,B,4.59797
88,76,B,4.59797
88,77,B,4.59797
88,78,B,4.59797
88,79,B,4.59797
88,80,B,4.59797
88,81,B,4.59797
88,82,B,4.59797
88,83,B,4.59797
88,84,B,4.59797
88,85,B,4.59797
88,86,B,4.59797
88,87,B,4.59797
88,88,B,4.59797
88,89,B,4.59797
88,90,B,4.59797
88,91,B,4.59797
88,92,B,4.59797
88,93,B,4.59797
88,94,B,4.59797
88,95,B,4.59797
88,96,B,4.59797
88,97,B,4.59797
88,98,B,4.59797
88,99,B,4.59797
88,100,None,-100.0
89,0,AM,10.969139
89,1,AM,10.935906999999998
89,2,AM,10.935906999999998
89,3,AM,10.935906999999998
89,4,AM,10.935906999999998
89,5,AM,10.935906999999998
89,6,AM,10.935906999999998
89,7,AM,10.935906999999998
89,8,AM,10.935906999999998
89,9,AM,10.935906999999998
89,10,AM,10.935906999999998
89,11,AM,10.935906999999998
89,12,AM,10.935906999999998
89,13,AM,10.935906999999998
89,14,AM,10.935906999999998
89,15,AM,10.935906999999998
89,16,B,4.34244
89,17,B,4.34244
89,18,B,4.34244
89,19,B,4.34244
89,20,B,4.34244
89,21,B,4.34244
89,22,B,4.34244
89,23,B,4.34244
89,24,B,4.34244
89,25,B,4.34244
89,26,B,4.34244
89,27,B,4.34244
89,28,B,4.34244
89,29,B,4.34244
89,30,B,4.34244
89,31,B,4.34244
89,32,B,4.34244
89,33,B,4.34244
89,34,B,4.34244
89,35,B,4.34244
89,36,B,4.34244
89,37,B,4.34244
89,38,B,4.34244
89,39,B,4.34244
89,40,B,4.34244
89,41,B,4.34244
89,42,B,4.34244
89,43,B,4.34244
89,44,B,4.34244
89,45,B,4.34244
89,46,B,4.34244
89,47,B,4.34244
89,48,B,4.34244
89,49,B,4.34244
89,50,B,4.34244
89,51,B,4.34244
89,52,B,4.34244
89,53,B,4.34244
89,54,B,4.34244
89,55,B,4.34244
89,56,B,4.34244
89,57,B,4.34244
89,58,B,4.34244
89,59,B,4.34244
89,60,B,4.34244
89,61,B,4.34244
89,62,B,4.34244
89,63,B,4.34244
89,64,B,4.34244
89,65,B,4.34244
89,66,B,4.34244
89,67,B,4.34244
89,68,B,4.34244
89,69,B,4.34244
89,70,B,4.34244
89,71,B,4.34244
89,72,B,4.34244
89,73,B,4.34244
89,74,B,4.34244
89,75,B,4.34244
89,76,B,4.34244
89,77,B,4.34244
89,78,B,4.34244
89,79,B,4.34244
89,80,B,4.34244
89,81,B,4.34244
89,82,B,4.34244
89,83,B,4.34244
89,84,B,4.34244
89,85,B,4.34244
89,86,B,4.34244
89,87,B,4.34244
89,88,B,4.34244
89,89,B,4.34244
89,90,B,4.34244
89,91,B,4.34244
89,92,B,4.34244
89,93,B,4.34244
89,94,B,4.34244
89,95,B,4.34244
89,96,B,4.34244
89,97,B,4.34244
89,98,B,4.34244
89,99,B,4.34244
89,100,None,-100.0
90,0,AM,10.030664
90,1,AM,10.017534999999999
90,2,AM,10.017534999999999
90,3,AM,10.017534999999999
90,4,AM,10.017534999999999
90,5,AM,10.017534999999999
90,6,AM,10.017534999999999
90,7,AM,10.017534999999999
90,8,AM,10.017534999999999
90,9,AM,10.017534999999999
90,10,AM,10.017534999999999
90,11,AM,10.017534999999999
90,12,AM,10.017534999999999
90,13,AM,10.017534999999999
90,14,AM,10.017534999999999
90,15,AM,10.017534999999999
90,16,B,4.1039
90,17,B,4.1039
90,18,B,4.1039
90,19,B,4.1039
90,20,B,4.1039
90,21,B,4.1039
90,22,B,4.1039
90,23,B,4.1039
90,24,B,4.1039
90,25,B,4.1039
90,26,B,4.1039
90,27,B,4.1039
90,28,B,4.1039
90,29,B,4.1039
90,30,B,4.1039
90,31,B,4.1039
90,32,B,4.1039
90,33,B,4.1039
90,34,B,4.1039
90,35,B,4.1039
90,36,B,4.1039
90,37,B,4.1039
90,38,B,4.1039
90,39,B,4.1039
90,40,B,4.1039
90,41,B,4.1039
90,42,B,4.1039
90,43,B,4.1039
90,44,B,4.1039
90,45,B,4.1039
90,46,B,4.1039
90,47,B,4.1039
90,48,B,4.1039
90,49,B,4.1039
90,50,B,4.1039
90,51,B,4.1039
90,52,B,4.1039
90,53,B,4.1039
90,54,B,4.1039
90,55,B,4.1039
90,56,B,4.1039
90,57,B,4.1039
90,58,B,4.1039
90,59,B,4.1039
90,60,B,4.1039
90,61,B,4.1039
90,62,B,4.1039
90,63,B,4.1039
90,64,B,4.1039
90,65,B,4.1039
90,66,B,4.1039
90,67,B,4.1039
90,68,B,4.1039
90,69,B,4.1039
90,70,B,4.1039
90,71,B,4.1039
90,72,B,4.1039
90,73,B,4.1039
90,74,B,4.1039
90,75,B,4.1039
90,76,B,4.1039
90,77,B,4.1039
90,78,B,4.1039
90,79,B,4.1039
90,80,B,4.1039
90,81,B,4.1039
90,82,B,4.1039
90,83,B,4.1039
90,84,B,4.1039
90,85,B,4.1039
90,86,B,4.1039
90,87,B,4.1039
90,88,B,4.1039
90,89,B,4.1039
90,90,B,4.1039
90,91,B,4.1039
90,92,B,4.1039
90,93,B,4.1039
90,94,B,4.1039
90,95,B,4.1039
90,96,B,4.1039
90,97,B,4.1039
90,98,B,4.1039
90,99,B,4.1039
90,100,None,-100.0
91,0,AM,9.09816
91,1,AM,9.103221
91,2,AM,9.103221
91,3,AM,9.103221
91,4,AM,9.103221
91,5,AM,9.103221
91,6,AM,9.103221
91,7,AM,9.103221
91,8,AM,9.103221
91,9,AM,9.103221
91,10,AM,9.103221
91,11,AM,9.103221
91,12,AM,9.103221
91,13,AM,9.103221
91,14,AM,9.103221
91,15,AM,9.103221
91,16,AM,9.103221
91,17,AM,9.103221
91,18,B,3.69566
91,19,B,3.69566
91,20,B,3.69566
91,21,B,3.69566
91,22,B,3.69566
91,23,B,3.69566
91,24,B,3.69566
91,25,B,3.69566
91,26,B,3.69566
91,27,B,3.69566
91,28,B,3.69566
91,29,B,3.69566
91,30,B,3.69566
91,31,B,3.69566
91,32,B,3.69566
91,33,B,3.69566
91,34,B,3.69566
91,35,B,3.69566
91,36,B,3.69566
91,37,B,3.69566
91,38,B,3.69566
91,39,B,3.69566
91,40,B,3.69566
91,41,B,3.69566
91,42,B,3.69566
91,43,B,3.69566
91,44,B,3.69566
91,45,B,3.69566
91,46,B,3.69566
91,47,B,3.69566
91,48,B,3.69566
91,49,B,3.69566
91,50,B,3.69566
91,51,B,3.69566
91,52,B,3.69566
91,53,B,3.69566
91,54,B,3.69566
91,55,B,3.69566
91,56,B,3.69566
91,57,B,3.69566
91,58,B,3.69566
91,59,B,3.69566
91,60,B,3.69566
91,61,B,3.69566
91,62,B,3.69566
91,63,B,3.69566
91,64,B,3.69566
91,65,B,3.69566
91,66,B,3.69566
91,67,B,3.69566
91,68,B,3.69566
91,69,B,3.69566
91,70,B,3.69566
91,71,B,3.69566
91,72,B,3.69566
91,73,B,3.69566
91,74,B,3.69566
91,75,B,3.69566
91,76,B,3.69566
91,77,B,3.69566
91,78,B,3.69566
91,79,B,3.69566
91,80,B,3.69566
91,81,B,3.69566
91,82,B,3.69566
91,83,B,3.69566
91,84,B,3.69566
91,85,B,3.69566
91,86,B,3.69566
91,87,B,3.69566
91,88,B,3.69566
91,89,B,3.69566
91,90,B,3.69566
91,91,B,3.69566
91,92,B,3.69566
91,93,B,3.69566
91,94,B,3.69566
91,95,B,3.69566
91,96,B,3.69566
91,97,B,3.69566
91,98,B,3.69566
91,99,B,3.69566
91,100,None,-100.0
92,0,AM,8.171751
92,1,AM,8.192931
92,2,AM,8.192931
92,3,AM,8.192931
92,4,AM,8.192931
92,5,AM,8.192931
92,6,AM,8.192931
92,7,AM,8.192931
92,8,AM,8.192931
92,9,AM,8.192931
92,10,AM,8.192931
92,11,AM,8.192931
92,12,AM,8.192931
92,13,AM,8.192931
92,14,AM,8.192931
92,15,AM,8.192931
92,16,AM,8.192931
92,17,AM,8.192931
92,18,B,3.3271
92,19,B,3.3271
92,20,B,3.3271
92,21,B,3.3271
92,22,B,3.3271
92,23,B,3.3271
92,24,B,3.3271
92,25,B,3.3271
92,26,B,3.3271
92,27,B,3.3271
92,28,B,3.3271
92,29,B,3.3271
92,30,B,3.3271
92,31,B,3.3271
92,32,B,3.3271
92,33,B,3.3271
92,34,B,3.3271
92,35,B,3.3271
92,36,B,3.3271
92,37,B,3.3271
92,38,B,3.3271
92,39,B,3.3271
92,40,B,3.3271
92,41,B,3.3271
92,42,B,3.3271
92,43,B,3.3271
92,44,B,3.3271
92,45,B,3.3271
92,46,B,3.3271
92,47,B,3.3271
92,48,B,3.3271
92,49,B,3.3271
92,50,B,3.3271
92,51,B,3.3271
92,52,B,3.3271
92,53,B,3.3271
92,54,B,3.3271
92,55,B,3.3271
92,56,B,3.3271
92,57,B,3.3271
92,58,B,3.3271
92,59,B,3.3271
92,60,B,3.3271
92,61,B,3.3271
92,62,B,3.3271
92,63,B,3.3271
92,64,B,3.3271
92,65,B,3.3271
92,66,B,3.3271
92,67,B,3.3271
92,68,B,3.3271
92,69,B,3.3271
92,70,B,3.3271
92,71,B,3.3271
92,72,B,3.3271
92,73,B,3.3271
92,74,B,3.3271
92,75,B,3.3271
92,76,B,3.3271
92,77,B,3.3271
92,78,B,3.3271
92,79,B,3.3271
92,80,B,3.3271
92,81,B,3.3271
92,82,B,3.3271
92,83,B,3.3271
92,84,B,3.3271
92,85,B,3.3271
92,86,B,3.3271
92,87,B,3.3271
92,88,B,3.3271
92,89,B,3.3271
92,90,B,3.3271
92,91,B,3.3271
92,92,B,3.3271
92,93,B,3.3271
92,94,B,3.3271
92,95,B,3.3271
92,96,B,3.3271
92,97,B,3.3271
92,98,B,3.3271
92,99,B,3.3271
92,100,None,-100.0
93,0,AM,7.251455
93,1,AM,7.286646999999999
93,2,AM,7.286646999999999
93,3,AM,7.286646999999999
93,4,AM,7.286646999999999
93,5,AM,7.286646999999999
93,6,AM,7.286646999999999
93,7,AM,7.286646999999999
93,8,AM,7.286646999999999
93,9,AM,7.286646999999999
93,10,AM,7.286646999999999
93,11,AM,7.286646999999999
93,12,AM,7.286646999999999
93,13,AM,7.286646999999999
93,14,AM,7.286646999999999
93,15,AM,7.286646999999999
93,16,AM,7.286646999999999
93,17,AM,7.286646999999999
93,18,B,2.98888
93,19,B,2.98888
93,20,B,2.98888
93,21,B,2.98888
93,22,B,2.98888
93,23,B,2.98888
93,24,B,2.98888
93,25,B,2.98888
93,26,B,2.98888
93,27,B,2.98888
93,28,B,2.98888
93,29,B,2.98888
93,30,B,2.98888
93,31,B,2.98888
93,32,B,2.98888
93,33,B,2.98888
93,34,B,2.98888
93,35,B,2.98888
93,36,B,2.98888
93,37,B,2.98888
93,38,B,2.98888
93,39,B,2.98888
93,40,B,2.98888
93,41,B,2.98888
93,42,B,2.98888
93,43,B,2.98888
93,44,B,2.98888
93,45,B,2.98888
93,46,B,2.98888
93,47,B,2.98888
93,48,B,2.98888
93,49,B,2.98888
93,50,B,2.98888
93,51,B,2.98888
93,52,B,2.98888
93,53,B,2.98888
93,54,B,2.98888
93,55,B,2.98888
93,56,B,2.98888
93,57,B,2.98888
93,58,B,2.98888
93,59,B,2.98888
93,60,B,2.98888
93,61,B,2.98888
93,62,B,2.98888
93,63,B,2.98888
93,64,B,2.98888
93,65,B,2.98888
93,66,B,2.98888
93,67,B,2.98888
93,68,B,2.98888
93,69,B,2.98888
93,70,B,2.98888
93,71,B,2.98888
93,72,B,2.98888
93,73,B,2.98888
93,74,B,2.98888
93,75,B,2.98888
93,76,B,2.98888
93,77,B,2.98888
93,78,B,2.98888
93,79,B,2.98888
93,80,B,2.98888
93,81,B,2.98888
93,82,B,2.98888
93,83,B,2.98888
93,84,B,2.98888
93,85,B,2.98888
93,86,B,2.98888
93,87,B,2.98888
93,88,B,2.98888
93,89,B,2.98888
93,90,B,2.98888
93,91,B,2.98888
93,92,B,2.98888
93,93,B,2.98888
93,94,B,2.98888
93,95,B,2.98888
93,96,B,2.98888
93,97,B,2.98888
93,98,B,2.98888
93,99,B,2.98888
93,100,None,-100.0
94,0,AM,6.342312
94,1,AM,6.384344
94,2,AM,6.384344
94,3,AM,6.384344
94,4,AM,6.384344
94,5,AM,6.384344
94,6,AM,6.384344
94,7,AM,6.384344
94,8,AM,6.384344
94,9,AM,6.384344
94,10,AM,6.384344
94,11,AM,6.384344
94,12,AM,6.384344
94,13,AM,6.384344
94,14,AM,6.384344
94,15,AM,6.384344
94,16,AM,6.384344
94,17,AM,6.384344
94,18,B,2.68682
94,19,B,2.68682
94,20,B,2.68682
94,21,B,2.68682
94,22,B,2.68682
94,23,B,2.68682
94,24,B,2.68682
94,25,B,2.68682
94,26,B,2.68682
94,27,B,2.68682
94,28,B,2.68682
94,29,B,2.68682
94,30,B,2.68682
94,31,B,2.68682
94,32,B,2.68682
94,33,B,2.68682
94,34,B,2.68682
94,35,B,2.68682
94,36,B,2.68682
94,37,B,2.68682
94,38,B,2.68682
94,39,B,2.68682
94,40,B,2.68682
94,41,B,2.68682
94,42,B,2.68682
94,43,B,2.68682
94,44,B,2.68682
94,45,B,2.68682
94,46,B,2.68682
94,47,B,2.68682
94,48,B,2.68682
94,49,B,2.68682
94,50,B,2.68682
94,51,B,2.68682
94,52,B,2.68682
94,53,B,2.68682
94,54,B,2.68682
94,55,B,2.68682
94,56,B,2.68682
94,57,B,2.68682
94,58,B,2.68682
94,59,B,2.68682
94,60,B,2.68682
94,61,B,2.68682
94,62,B,2.68682
94,63,B,2.68682
94,64,B,2.68682
94,65,B,2.68682
94,66,B,2.68682
94,67,B,2.68682
94,68,B,2.68682
94,69,B,2.68682
94,70,B,2.68682
94,71,B,2.68682
94,72,B,2.68682
94,73,B,2.68682
94,74,B,2.68682
94,75,B,2.68682
94,76,B,2.68682
94,77,B,2.68682
94,78,B,2.68682
94,79,B,2.68682
94,80,B,2.68682
94,81,B,2.68682
94,82,B,2.68682
94,83,B,2.68682
94,84,B,2.68682
94,85,B,2.68682
94,86,B,2.68682
94,87,B,2.68682
94,88,B,2.68682
94,89,B,2.68682
94,90,B,2.68682
94,91,B,2.68682
94,92,B,2.68682
94,93,B,2.68682
94,94,B,2.68682
94,95,B,2.68682
94,96,B,2.68682
94,97,B,2.68682
94,98,B,2.68682
94,99,B,2.68682
94,100,None,-100.0
95,0,AM,5.441444
95,1,AM,5.486001
95,2,AM,5.486001
95,3,AM,5.486001
95,4,AM,5.486001
95,5,AM,5.486001
95,6,AM,5.486001
95,7,AM,5.486001
95,8,AM,5.486001
95,9,AM,5.486001
95,10,AM,5.486001
95,11,AM,5.486001
95,12,AM,5.486001
95,13,AM,5.486001
95,14,AM,5.486001
95,15,AM,5.486001
95,16,AM,5.486001
95,17,AM,5.486001
95,18,AM,5.486001
95,19,AM,5.486001
95,20,AM,5.486001
95,21,B,2.42757
95,22,B,2.42757
95,23,B,2.42757
95,24,B,2.42757
95,25,B,2.42757
95,26,B,2.42757
95,27,B,2.42757
95,28,B,2.42757
95,29,B,2.42757
95,30,B,2.42757
95,31,B,2.42757
95,32,B,2.42757
95,33,B,2.42757
95,34,B,2.42757
95,35,B,2.42757
95,36,B,2.42757
95,37,B,2.42757
95,38,B,2.42757
95,39,B,2.42757
95,40,B,2.42757
95,41,B,2.42757
95,42,B,2.42757
95,43,B,2.42757
95,44,B,2.42757
95,45,B,2.42757
95,46,B,2.42757
95,47,B,2.42757
95,48,B,2.42757
95,49,B,2.42757
95,50,B,2.42757
95,51,B,2.42757
95,52,B,2.42757
95,53,B,2.42757
95,54,B,2.42757
95,55,B,2.42757
95,56,B,2.42757
95,57,B,2.42757
95,58,B,2.42757
95,59,B,2.42757
95,60,B,2.42757
95,61,B,2.42757
95,62,B,2.42757
95,63,B,2.42757
95,64,B,2.42757
95,65,B,2.42757
95,66,B,2.42757
95,67,B,2.42757
95,68,B,2.42757
95,69,B,2.42757
95,70,B,2.42757
95,71,B,2.42757
95,72,B,2.42757
95,73,B,2.42757
95,74,B,2.42757
95,75,B,2.42757
95,76,B,2.42757
95,77,B,2.42757
95,78,B,2.42757
95,79,B,2.42757
95,80,B,2.42757
95,81,B,2.42757
95,82,B,2.42757
95,83,B,2.42757
95,84,B,2.42757
95,85,B,2.42757
95,86,B,2.42757
95,87,B,2.42757
95,88,B,2.42757
95,89,B,2.42757
95,90,B,2.42757
95,91,B,2.42757
95,92,B,2.42757
95,93,B,2.42757
95,94,B,2.42757
95,95,B,2.42757
95,96,B,2.42757
95,97,B,2.42757
95,98,B,2.42757
95,99,B,2.42757
95,100,None,-100.0
96,0,AM,4.54768
96,1,AM,4.591597
96,2,AM,4.591597
96,3,AM,4.591597
96,4,AM,4.591597
96,5,AM,4.591597
96,6,AM,4.591597
96,7,AM,4.591597
96,8,AM,4.591597
96,9,AM,4.591597
96,10,AM,4.591597
96,11,AM,4.591597
96,12,AM,4.591597
96,13,AM,4.591597
96,14,AM,4.591597
96,15,AM,4.591597
96,16,AM,4.591597
96,17,AM,4.591597
96,18,AM,4.591597
96,19,AM,4.591597
96,20,AM,4.591597
96,21,B,2.20002
96,22,B,2.20002
96,23,B,2.20002
96,24,B,2.20002
96,25,B,2.20002
96,26,B,2.20002
96,27,B,2.20002
96,28,B,2.20002
96,29,B,2.20002
96,30,B,2.20002
96,31,B,2.20002
96,32,B,2.20002
96,33,B,2.20002
96,34,B,2.20002
96,35,B,2.20002
96,36,B,2.20002
96,37,B,2.20002
96,38,B,2.20002
96,39,B,2.20002
96,40,B,2.20002
96,41,B,2.20002
96,42,B,2.20002
96,43,B,2.20002
96,44,B,2.20002
96,45,B,2.20002
96,46,B,2.20002
96,47,B,2.20002
96,48,B,2.20002
96,49,B,2.20002
96,50,B,2.20002
96,51,B,2.20002
96,52,B,2.20002
96,53,B,2.20002
96,54,B,2.20002
96,55,B,2.20002
96,56,B,2.20002
96,57,B,2.20002
96,58,B,2.20002
96,59,B,2.20002
96,60,B,2.20002
96,61,B,2.20002
96,62,B,2.20002
96,63,B,2.20002
96,64,B,2.20002
96,65,B,2.20002
96,66,B,2.20002
96,67,B,2.20002
96,68,B,2.20002
96,69,B,2.20002
96,70,B,2.20002
96,71,B,2.20002
96,72,B,2.20002
96,73,B,2.20002
96,74,B,2.20002
96,75,B,2.20002
96,76,B,2.20002
96,77,B,2.20002
96,78,B,2.20002
96,79,B,2.20002
96,80,B,2.20002
96,81,B,2.20002
96,82,B,2.20002
96,83,B,2.20002
96,84,B,2.20002
96,85,B,2.20002
96,86,B,2.20002
96,87,B,2.20002
96,88,B,2.20002
96,89,B,2.20002
96,90,B,2.20002
96,91,B,2.20002
96,92,B,2.20002
96,93,B,2.20002
96,94,B,2.20002
96,95,B,2.20002
96,96,B,2.20002
96,97,B,2.20002
96,98,B,2.20002
96,99,B,2.20002
96,100,None,-100.0
97,0,AM,3.659821
97,1,AM,3.701117
97,2,AM,3.701117
97,3,AM,3.701117
97,4,AM,3.701117
97,5,AM,3.701117
97,6,AM,3.701117
97,7,AM,3.701117
97,8,AM,3.701117
97,9,AM,3.701117
97,10,AM,3.701117
97,11,AM,3.701117
97,12,AM,3.701117
97,13,AM,3.701117
97,14,AM,3.701117
97,15,AM,3.701117
97,16,AM,3.701117
97,17,AM,3.701117
97,18,AM,3.701117
97,19,AM,3.701117
97,20,AM,3.701117
97,21,B,1.98564
97,22,B,1.98564
97,23,B,1.98564
97,24,B,1.98564
97,25,B,1.98564
97,26,B,1.98564
97,27,B,1.98564
97,28,B,1.98564
97,29,B,1.98564
97,30,B,1.98564
97,31,B,1.98564
97,32,B,1.98564
97,33,B,1.98564
97,34,B,1.98564
97,35,B,1.98564
97,36,B,1.98564
97,37,B,1.98564
97,38,B,1.98564
97,39,B,1.98564
97,40,B,1.98564
97,41,B,1.98564
97,42,B,1.98564
97,43,B,1.98564
97,44,B,1.98564
97,45,B,1.98564
97,46,B,1.98564
97,47,B,1.98564
97,48,B,1.98564
97,49,B,1.98564
97,50,B,1.98564
97,51,B,1.98564
97,52,B,1.98564
97,53,B,1.98564
97,54,B,1.98564
97,55,B,1.98564
97,56,B,1.98564
97,57,B,1.98564
97,58,B,1.98564
97,59,B,1.98564
97,60,B,1.98564
97,61,B,1.98564
97,62,B,1.98564
97,63,B,1.98564
97,64,B,1.98564
97,65,B,1.98564
97,66,B,1.98564
97,67,B,1.98564
97,68,B,1.98564
97,69,B,1.98564
97,70,B,1.98564
97,71,B,1.98564
97,72,B,1.98564
97,73,B,1.98564
97,74,B,1.98564
97,75,B,1.98564
97,76,B,1.98564
97,77,B,1.98564
97,78,B,1.98564
97,79,B,1.98564
97,80,B,1.98564
97,81,B,1.98564
97,82,B,1.98564
97,83,B,1.98564
97,84,B,1.98564
97,85,B,1.98564
97,86,B,1.98564
97,87,B,1.98564
97,88,B,1.98564
97,89,B,1.98564
97,90,B,1.98564
97,91,B,1.98564
97,92,B,1.98564
97,93,B,1.98564
97,94,B,1.98564
97,95,B,1.98564
97,96,B,1.98564
97,97,B,1.98564
97,98,B,1.98564
97,99,B,1.98564
97,100,None,-100.0
98,0,AM,2.774535
98,1,AM,2.814535
98,2,AM,2.814535
98,3,AM,2.814535
98,4,AM,2.814535
98,5,AM,2.814535
98,6,AM,2.814535
98,7,AM,2.814535
98,8,AM,2.814535
98,9,AM,2.814535
98,10,AM,2.814535
98,11,AM,2.814535
98,12,AM,2.814535
98,13,AM,2.814535
98,14,AM,2.814535
98,15,AM,2.814535
98,16,AM,2.814535
98,17,AM,2.814535
98,18,AM,2.814535
98,19,AM,2.814535
98,20,AM,2.814535
98,21,B,1.77985
98,22,B,1.77985
98,23,B,1.77985
98,24,B,1.77985
98,25,B,1.77985
98,26,B,1.77985
98,27,B,1.77985
98,28,B,1.77985
98,29,B,1.77985
98,30,B,1.77985
98,31,B,1.77985
98,32,B,1.77985
98,33,B,1.77985
98,34,B,1.77985
98,35,B,1.77985
98,36,B,1.77985
98,37,B,1.77985
98,38,B,1.77985
98,39,B,1.77985
98,40,B,1.77985
98,41,B,1.77985
98,42,B,1.77985
98,43,B,1.77985
98,44,B,1.77985
98,45,B,1.77985
98,46,B,1.77985
98,47,B,1.77985
98,48,B,1.77985
98,49,B,1.77985
98,50,B,1.77985
98,51,B,1.77985
98,52,B,1.77985
98,53,B,1.77985
98,54,B,1.77985
98,55,B,1.77985
98,56,B,1.77985
98,57,B,1.77985
98,58,B,1.77985
98,59,B,1.77985
98,60,B,1.77985
98,61,B,1.77985
98,62,B,1.77985
98,63,B,1.77985
98,64,B,1.77985
98,65,B,1.77985
98,66,B,1.77985
98,67,B,1.77985
98,68,B,1.77985
98,69,B,1.77985
98,70,B,1.77985
98,71,B,1.77985
98,72,B,1.77985
98,73,B,1.77985
98,74,B,1.77985
98,75,B,1.77985
98,76,B,1.77985
98,77,B,1.77985
98,78,B,1.77985
98,79,B,1.77985
98,80,B,1.77985
98,81,B,1.77985
98,82,B,1.77985
98,83,B,1.77985
98,84,B,1.77985
98,85,B,1.77985
98,86,B,1.77985
98,87,B,1.77985
98,88,B,1.77985
98,89,B,1.77985
98,90,B,1.77985
98,91,B,1.77985
98,92,B,1.77985
98,93,B,1.77985
98,94,B,1.77985
98,95,B,1.77985
98,96,B,1.77985
98,97,B,1.77985
98,98,B,1.77985
98,99,B,1.77985
98,100,None,-100.0
99,0,AM,1.889898
99,1,B,1.93183
99,2,B,1.93183
99,3,B,1.93183
99,4,B,1.93183
99,5,B,1.93183
99,6,B,1.93183
99,7,B,1.93183
99,8,B,1.93183
99,9,B,1.93183
99,10,B,1.93183
99,11,B,1.93183
99,12,B,1.93183
99,13,B,1.93183
99,14,B,1.93183
99,15,B,1.93183
99,16,B,1.93183
99,17,B,1.93183
99,18,B,1.93183
99,19,B,1.93183
99,20,B,1.93183
99,21,B,1.572989
99,22,B,1.572989
99,23,B,1.572989
99,24,B,1.572989
99,25,B,1.572989
99,26,B,1.572989
99,27,B,1.572989
99,28,B,1.572989
99,29,B,1.572989
99,30,B,1.572989
99,31,B,1.572989
99,32,B,1.572989
99,33,B,1.572989
99,34,B,1.572989
99,35,B,1.572989
99,36,B,1.572989
99,37,B,1.572989
99,38,B,1.572989
99,39,B,1.572989
99,40,B,1.572989
99,41,B,1.572989
99,42,B,1.572989
99,43,B,1.572989
99,44,B,1.572989
99,45,B,1.572989
99,46,B,1.572989
99,47,B,1.572989
99,48,B,1.572989
99,49,B,1.572989
99,50,B,1.572989
99,51,B,1.572989
99,52,B,1.572989
99,53,B,1.572989
99,54,B,1.572989
99,55,B,1.572989
99,56,B,1.572989
99,57,B,1.572989
99,58,B,1.572989
99,59,B,1.572989
99,60,B,1.572989
99,61,B,1.572989
99,62,B,1.572989
99,63,B,1.572989
99,64,B,1.572989
99,65,B,1.572989
99,66,B,1.572989
99,67,B,1.572989
99,68,B,1.572989
99,69,B,1.572989
99,70,B,1.572989
99,71,B,1.572989
99,72,B,1.572989
99,73,B,1.572989
99,74,B,1.572989
99,75,B,1.572989
99,76,B,1.572989
99,77,B,1.572989
99,78,B,1.572989
99,79,B,1.572989
99,80,B,1.572989
99,81,B,1.572989
99,82,B,1.572989
99,83,B,1.572989
99,84,B,1.572989
99,85,B,1.572989
99,86,B,1.572989
99,87,B,1.572989
99,88,B,1.572989
99,89,B,1.572989
99,90,B,1.572989
99,91,B,1.572989
99,92,B,1.572989
99,93,B,1.572989
99,94,B,1.572989
99,95,B,1.572989
99,96,B,1.572989
99,97,B,1.572989
99,98,B,1.572989
99,99,B,1.572989
99,100,None,-100.0
