time_stamp,state,action
40,0,AM
40,1,B
40,2,B
40,3,B
40,4,B
40,5,B
40,6,B
40,7,B
40,8,B
40,9,B
40,10,B
40,11,B
40,12,B
40,13,B
40,14,B
40,15,B
40,16,B
40,17,B
40,18,B
40,19,B
40,20,B
40,21,B
40,22,B
40,23,B
40,24,B
40,25,B
40,26,B
40,27,B
40,28,B
40,29,B
40,30,B
40,31,B
40,32,B
40,33,B
40,34,B
40,35,B
40,36,B
40,37,B
40,38,B
40,39,B
40,40,B
40,41,B
40,42,B
40,43,B
40,44,B
40,45,B
40,46,B
40,47,B
40,48,B
40,49,B
40,50,B
40,51,B
40,52,B
40,53,B
40,54,B
40,55,B
40,56,B
40,57,B
40,58,B
40,59,B
40,60,B
40,61,B
40,62,B
40,63,B
40,64,B
40,65,B
40,66,B
40,67,B
40,68,B
40,69,B
40,70,B
40,71,B
40,72,B
40,73,B
40,74,B
40,75,B
40,76,B
40,77,B
40,78,B
40,79,B
40,80,B
40,81,B
40,82,B
40,83,B
40,84,B
40,85,B
40,86,B
40,87,B
40,88,B
40,89,B
40,90,B
40,91,B
40,92,B
40,93,B
40,94,B
40,95,B
40,96,B
40,97,B
40,98,B
40,99,B
40,100,B
41,0,AM
41,1,B
41,2,B
41,3,B
41,4,B
41,5,B
41,6,B
41,7,B
41,8,B
41,9,B
41,10,B
41,11,B
41,12,B
41,13,B
41,14,B
41,15,B
41,16,B
41,17,B
41,18,B
41,19,B
41,20,B
41,21,B
41,22,B
41,23,B
41,24,B
41,25,B
41,26,B
41,27,B
41,28,B
41,29,B
41,30,B
41,31,B
41,32,B
41,33,B
41,34,B
41,35,B
41,36,B
41,37,B
41,38,B
41,39,B
41,40,B
41,41,B
41,42,B
41,43,B
41,44,B
41,45,B
41,46,B
41,47,B
41,48,B
41,49,B
41,50,B
41,51,B
41,52,B
41,53,B
41,54,B
41,55,B
41,56,B
41,57,B
41,58,B
41,59,B
41,60,B
41,61,B
41,62,B
41,63,B
41,64,B
41,65,B
41,66,B
41,67,B
41,68,B
41,69,B
41,70,B
41,71,B
41,72,B
41,73,B
41,74,B
41,75,B
41,76,B
41,77,B
41,78,B
41,79,B
41,80,B
41,81,B
41,82,B
41,83,B
41,84,B
41,85,B
41,86,B
41,87,B
41,88,B
41,89,B
41,90,B
41,91,B
41,92,B
41,93,B
41,94,B
41,95,B
41,96,B
41,97,B
41,98,B
41,99,B
41,100,B
42,0,AM
42,1,B
42,2,B
42,3,B
42,4,B
42,5,B
42,6,B
42,7,B
42,8,B
42,9,B
42,10,B
42,11,B
42,12,B
42,13,B
42,14,B
42,15,B
42,16,B
42,17,B
42,18,B
42,19,B
42,20,B
42,21,B
42,22,B
42,23,B
42,24,B
42,25,B
42,26,B
42,27,B
42,28,B
42,29,B
42,30,B
42,31,B
42,32,B
42,33,B
42,34,B
42,35,B
42,36,B
42,37,B
42,38,B
42,39,B
42,40,B
42,41,B
42,42,B
42,43,B
42,44,B
42,45,B
42,46,B
42,47,B
42,48,B
42,49,B
42,50,B
42,51,B
42,52,B
42,53,B
42,54,B
42,55,B
42,56,B
42,57,B
42,58,B
42,59,B
42,60,B
42,61,B
42,62,B
42,63,B
42,64,B
42,65,B
42,66,B
42,67,B
42,68,B
42,69,B
42,70,B
42,71,B
42,72,B
42,73,B
42,74,B
42,75,B
42,76,B
42,77,B
42,78,B
42,79,B
42,80,B
42,81,B
42,82,B
42,83,B
42,84,B
42,85,B
42,86,B
42,87,B
42,88,B
42,89,B
42,90,B
42,91,B
42,92,B
42,93,B
42,94,B
42,95,B
42,96,B
42,97,B
42,98,B
42,99,B
42,100,B
43,0,AM
43,1,B
43,2,B
43,3,B
43,4,B
43,5,B
43,6,B
43,7,B
43,8,B
43,9,B
43,10,B
43,11,B
43,12,B
43,13,B
43,14,B
43,15,B
43,16,B
43,17,B
43,18,B
43,19,B
43,20,B
43,21,B
43,22,B
43,23,B
43,24,B
43,25,B
43,26,B
43,27,B
43,28,B
43,29,B
43,30,B
43,31,B
43,32,B
43,33,B
43,34,B
43,35,B
43,36,B
43,37,B
43,38,B
43,39,B
43,40,B
43,41,B
43,42,B
43,43,B
43,44,B
43,45,B
43,46,B
43,47,B
43,48,B
43,49,B
43,50,B
43,51,B
43,52,B
43,53,B
43,54,B
43,55,B
43,56,B
43,57,B
43,58,B
43,59,B
43,60,B
43,61,B
43,62,B
43,63,B
43,64,B
43,65,B
43,66,B
43,67,B
43,68,B
43,69,B
43,70,B
43,71,B
43,72,B
43,73,B
43,74,B
43,75,B
43,76,B
43,77,B
43,78,B
43,79,B
43,80,B
43,81,B
43,82,B
43,83,B
43,84,B
43,85,B
43,86,B
43,87,B
43,88,B
43,89,B
43,90,B
43,91,B
43,92,B
43,93,B
43,94,B
43,95,B
43,96,B
43,97,B
43,98,B
43,99,B
43,100,B
44,0,AM
44,1,AM
44,2,AM
44,3,B
44,4,B
44,5,B
44,6,B
44,7,B
44,8,B
44,9,B
44,10,B
44,11,B
44,12,B
44,13,B
44,14,B
44,15,B
44,16,B
44,17,B
44,18,B
44,19,B
44,20,B
44,21,B
44,22,B
44,23,B
44,24,B
44,25,B
44,26,B
44,27,B
44,28,B
44,29,B
44,30,B
44,31,B
44,32,B
44,33,B
44,34,B
44,35,B
44,36,B
44,37,B
44,38,B
44,39,B
44,40,B
44,41,B
44,42,B
44,43,B
44,44,B
44,45,B
44,46,B
44,47,B
44,48,B
44,49,B
44,50,B
44,51,B
44,52,B
44,53,B
44,54,B
44,55,B
44,56,B
44,57,B
44,58,B
44,59,B
44,60,B
44,61,B
44,62,B
44,63,B
44,64,B
44,65,B
44,66,B
44,67,B
44,68,B
44,69,B
44,70,B
44,71,B
44,72,B
44,73,B
44,74,B
44,75,B
44,76,B
44,77,B
44,78,B
44,79,B
44,80,B
44,81,B
44,82,B
44,83,B
44,84,B
44,85,B
44,86,B
44,87,B
44,88,B
44,89,B
44,90,B
44,91,B
44,92,B
44,93,B
44,94,B
44,95,B
44,96,B
44,97,B
44,98,B
44,99,B
44,100,B
45,0,AM
45,1,AM
45,2,AM
45,3,B
45,4,AM
45,5,B
45,6,B
45,7,B
45,8,B
45,9,B
45,10,B
45,11,B
45,12,B
45,13,B
45,14,B
45,15,B
45,16,B
45,17,B
45,18,B
45,19,B
45,20,B
45,21,B
45,22,B
45,23,B
45,24,B
45,25,B
45,26,B
45,27,B
45,28,B
45,29,B
45,30,B
45,31,B
45,32,B
45,33,B
45,34,B
45,35,B
45,36,B
45,37,B
45,38,B
45,39,B
45,40,B
45,41,B
45,42,B
45,43,B
45,44,B
45,45,B
45,46,B
45,47,B
45,48,B
45,49,B
45,50,B
45,51,B
45,52,B
45,53,B
45,54,B
45,55,B
45,56,B
45,57,B
45,58,B
45,59,B
45,60,B
45,61,B
45,62,B
45,63,B
45,64,B
45,65,B
45,66,B
45,67,B
45,68,B
45,69,B
45,70,B
45,71,B
45,72,B
45,73,B
45,74,B
45,75,B
45,76,B
45,77,B
45,78,B
45,79,B
45,80,B
45,81,B
45,82,B
45,83,B
45,84,B
45,85,B
45,86,B
45,87,B
45,88,B
45,89,B
45,90,B
45,91,B
45,92,B
45,93,B
45,94,B
45,95,B
45,96,B
45,97,B
45,98,B
45,99,B
45,100,B
46,0,AM
46,1,AM
46,2,AM
46,3,AM
46,4,AM
46,5,B
46,6,AM
46,7,B
46,8,AM
46,9,B
46,10,B
46,11,B
46,12,B
46,13,B
46,14,B
46,15,B
46,16,B
46,17,B
46,18,B
46,19,B
46,20,B
46,21,B
46,22,B
46,23,B
46,24,B
46,25,B
46,26,B
46,27,B
46,28,B
46,29,B
46,30,B
46,31,B
46,32,B
46,33,B
46,34,B
46,35,B
46,36,B
46,37,B
46,38,B
46,39,B
46,40,B
46,41,B
46,42,B
46,43,B
46,44,B
46,45,B
46,46,B
46,47,B
46,48,B
46,49,B
46,50,B
46,51,B
46,52,B
46,53,B
46,54,B
46,55,B
46,56,B
46,57,B
46,58,B
46,59,B
46,60,B
46,61,B
46,62,B
46,63,B
46,64,B
46,65,B
46,66,B
46,67,B
46,68,B
46,69,B
46,70,B
46,71,B
46,72,B
46,73,B
46,74,B
46,75,B
46,76,B
46,77,B
46,78,B
46,79,B
46,80,B
46,81,B
46,82,B
46,83,B
46,84,B
46,85,B
46,86,B
46,87,B
46,88,B
46,89,B
46,90,B
46,91,B
46,92,B
46,93,B
46,94,B
46,95,B
46,96,B
46,97,B
46,98,B
46,99,B
46,100,B
47,0,AM
47,1,AM
47,2,AM
47,3,AM
47,4,AM
47,5,AM
47,6,AM
47,7,B
47,8,AM
47,9,B
47,10,B
47,11,B
47,12,B
47,13,B
47,14,B
47,15,B
47,16,B
47,17,B
47,18,B
47,19,B
47,20,B
47,21,B
47,22,B
47,23,B
47,24,B
47,25,B
47,26,B
47,27,B
47,28,B
47,29,B
47,30,B
47,31,B
47,32,B
47,33,B
47,34,B
47,35,B
47,36,B
47,37,B
47,38,B
47,39,B
47,40,B
47,41,B
47,42,B
47,43,B
47,44,B
47,45,B
47,46,B
47,47,B
47,48,B
47,49,B
47,50,B
47,51,B
47,52,B
47,53,B
47,54,B
47,55,B
47,56,B
47,57,B
47,58,B
47,59,B
47,60,B
47,61,B
47,62,B
47,63,B
47,64,B
47,65,B
47,66,B
47,67,B
47,68,B
47,69,B
47,70,B
47,71,B
47,72,B
47,73,B
47,74,B
47,75,B
47,76,B
47,77,B
47,78,B
47,79,B
47,80,B
47,81,B
47,82,B
47,83,B
47,84,B
47,85,B
47,86,B
47,87,B
47,88,B
47,89,B
47,90,B
47,91,B
47,92,B
47,93,B
47,94,B
47,95,B
47,96,B
47,97,B
47,98,B
47,99,B
47,100,B
48,0,AM
48,1,AM
48,2,AM
48,3,AM
48,4,AM
48,5,AM
48,6,AM
48,7,AM
48,8,AM
48,9,B
48,10,B
48,11,B
48,12,B
48,13,B
48,14,B
48,15,B
48,16,B
48,17,B
48,18,B
48,19,B
48,20,B
48,21,B
48,22,B
48,23,B
48,24,B
48,25,B
48,26,B
48,27,B
48,28,B
48,29,B
48,30,B
48,31,B
48,32,B
48,33,B
48,34,B
48,35,B
48,36,B
48,37,B
48,38,B
48,39,B
48,40,B
48,41,B
48,42,B
48,43,B
48,44,B
48,45,B
48,46,B
48,47,B
48,48,B
48,49,B
48,50,B
48,51,B
48,52,B
48,53,B
48,54,B
48,55,B
48,56,B
48,57,B
48,58,B
48,59,B
48,60,B
48,61,B
48,62,B
48,63,B
48,64,B
48,65,B
48,66,B
48,67,B
48,68,B
48,69,B
48,70,B
48,71,B
48,72,B
48,73,B
48,74,B
48,75,B
48,76,B
48,77,B
48,78,B
48,79,B
48,80,B
48,81,B
48,82,B
48,83,B
48,84,B
48,85,B
48,86,B
48,87,B
48,88,B
48,89,B
48,90,B
48,91,B
48,92,B
48,93,B
48,94,B
48,95,B
48,96,B
48,97,B
48,98,B
48,99,B
48,100,B
49,0,AM
49,1,AM
49,2,AM
49,3,AM
49,4,AM
49,5,AM
49,6,AM
49,7,AM
49,8,AM
49,9,B
49,10,B
49,11,B
49,12,B
49,13,B
49,14,B
49,15,B
49,16,B
49,17,B
49,18,B
49,19,B
49,20,B
49,21,B
49,22,B
49,23,B
49,24,B
49,25,B
49,26,B
49,27,B
49,28,B
49,29,B
49,30,B
49,31,B
49,32,B
49,33,B
49,34,B
49,35,B
49,36,B
49,37,B
49,38,B
49,39,B
49,40,B
49,41,B
49,42,B
49,43,B
49,44,B
49,45,B
49,46,B
49,47,B
49,48,B
49,49,B
49,50,B
49,51,B
49,52,B
49,53,B
49,54,B
49,55,B
49,56,B
49,57,B
49,58,B
49,59,B
49,60,B
49,61,B
49,62,B
49,63,B
49,64,B
49,65,B
49,66,B
49,67,B
49,68,B
49,69,B
49,70,B
49,71,B
49,72,B
49,73,B
49,74,B
49,75,B
49,76,B
49,77,B
49,78,B
49,79,B
49,80,B
49,81,B
49,82,B
49,83,B
49,84,B
49,85,B
49,86,B
49,87,B
49,88,B
49,89,B
49,90,B
49,91,B
49,92,B
49,93,B
49,94,B
49,95,B
49,96,AM
49,97,B
49,98,B
49,99,B
49,100,B
50,0,AM
50,1,AM
50,2,AM
50,3,AM
50,4,AM
50,5,AM
50,6,AM
50,7,AM
50,8,AM
50,9,B
50,10,B
50,11,B
50,12,B
50,13,B
50,14,B
50,15,B
50,16,B
50,17,B
50,18,B
50,19,B
50,20,B
50,21,B
50,22,B
50,23,B
50,24,B
50,25,B
50,26,B
50,27,B
50,28,B
50,29,B
50,30,B
50,31,B
50,32,B
50,33,B
50,34,B
50,35,B
50,36,B
50,37,B
50,38,B
50,39,B
50,40,B
50,41,B
50,42,B
50,43,B
50,44,B
50,45,B
50,46,B
50,47,B
50,48,B
50,49,B
50,50,B
50,51,B
50,52,B
50,53,B
50,54,B
50,55,B
50,56,B
50,57,B
50,58,B
50,59,B
50,60,B
50,61,B
50,62,B
50,63,B
50,64,B
50,65,B
50,66,B
50,67,B
50,68,B
50,69,B
50,70,B
50,71,B
50,72,B
50,73,B
50,74,B
50,75,B
50,76,B
50,77,B
50,78,B
50,79,B
50,80,B
50,81,B
50,82,B
50,83,B
50,84,B
50,85,B
50,86,B
50,87,B
50,88,B
50,89,B
50,90,B
50,91,B
50,92,B
50,93,B
50,94,B
50,95,B
50,96,B
50,97,B
50,98,B
50,99,B
50,100,B
51,0,AM
51,1,AM
51,2,AM
51,3,AM
51,4,AM
51,5,AM
51,6,AM
51,7,AM
51,8,AM
51,9,B
51,10,B
51,11,B
51,12,B
51,13,B
51,14,B
51,15,B
51,16,B
51,17,B
51,18,B
51,19,B
51,20,B
51,21,B
51,22,B
51,23,B
51,24,B
51,25,B
51,26,B
51,27,B
51,28,B
51,29,B
51,30,B
51,31,B
51,32,B
51,33,B
51,34,B
51,35,B
51,36,B
51,37,B
51,38,B
51,39,B
51,40,B
51,41,B
51,42,B
51,43,B
51,44,B
51,45,B
51,46,B
51,47,B
51,48,B
51,49,B
51,50,B
51,51,B
51,52,B
51,53,B
51,54,B
51,55,B
51,56,B
51,57,B
51,58,B
51,59,B
51,60,B
51,61,B
51,62,B
51,63,B
51,64,B
51,65,B
51,66,B
51,67,B
51,68,B
51,69,B
51,70,B
51,71,B
51,72,B
51,73,B
51,74,B
51,75,B
51,76,B
51,77,B
51,78,B
51,79,B
51,80,B
51,81,B
51,82,B
51,83,B
51,84,B
51,85,B
51,86,B
51,87,B
51,88,B
51,89,B
51,90,B
51,91,B
51,92,B
51,93,B
51,94,B
51,95,B
51,96,B
51,97,B
51,98,B
51,99,B
51,100,B
52,0,AM
52,1,AM
52,2,AM
52,3,AM
52,4,AM
52,5,AM
52,6,AM
52,7,AM
52,8,AM
52,9,B
52,10,B
52,11,B
52,12,B
52,13,B
52,14,B
52,15,B
52,16,B
52,17,B
52,18,B
52,19,B
52,20,B
52,21,B
52,22,B
52,23,B
52,24,B
52,25,B
52,26,B
52,27,B
52,28,B
52,29,B
52,30,B
52,31,B
52,32,B
52,33,B
52,34,B
52,35,B
52,36,B
52,37,B
52,38,B
52,39,B
52,40,B
52,41,B
52,42,B
52,43,B
52,44,B
52,45,B
52,46,B
52,47,B
52,48,B
52,49,B
52,50,B
52,51,B
52,52,B
52,53,B
52,54,B
52,55,B
52,56,B
52,57,B
52,58,B
52,59,B
52,60,B
52,61,B
52,62,B
52,63,B
52,64,B
52,65,B
52,66,B
52,67,B
52,68,B
52,69,B
52,70,B
52,71,B
52,72,B
52,73,B
52,74,B
52,75,B
52,76,B
52,77,B
52,78,B
52,79,B
52,80,B
52,81,B
52,82,B
52,83,B
52,84,B
52,85,B
52,86,B
52,87,B
52,88,B
52,89,B
52,90,B
52,91,B
52,92,B
52,93,B
52,94,B
52,95,B
52,96,B
52,97,B
52,98,B
52,99,B
52,100,B
53,0,AM
53,1,AM
53,2,AM
53,3,AM
53,4,AM
53,5,AM
53,6,AM
53,7,AM
53,8,AM
53,9,B
53,10,B
53,11,B
53,12,B
53,13,B
53,14,B
53,15,B
53,16,B
53,17,B
53,18,B
53,19,B
53,20,B
53,21,B
53,22,B
53,23,B
53,24,B
53,25,B
53,26,B
53,27,B
53,28,B
53,29,B
53,30,B
53,31,B
53,32,B
53,33,B
53,34,B
53,35,B
53,36,B
53,37,B
53,38,B
53,39,B
53,40,B
53,41,B
53,42,B
53,43,B
53,44,B
53,45,B
53,46,B
53,47,B
53,48,B
53,49,B
53,50,B
53,51,B
53,52,B
53,53,B
53,54,B
53,55,B
53,56,B
53,57,B
53,58,B
53,59,B
53,60,B
53,61,B
53,62,B
53,63,B
53,64,B
53,65,B
53,66,B
53,67,B
53,68,B
53,69,B
53,70,B
53,71,B
53,72,B
53,73,B
53,74,B
53,75,B
53,76,B
53,77,B
53,78,B
53,79,B
53,80,B
53,81,B
53,82,B
53,83,B
53,84,B
53,85,B
53,86,B
53,87,B
53,88,B
53,89,B
53,90,B
53,91,B
53,92,B
53,93,B
53,94,B
53,95,B
53,96,B
53,97,B
53,98,B
53,99,B
53,100,B
54,0,AM
54,1,AM
54,2,AM
54,3,AM
54,4,AM
54,5,AM
54,6,AM
54,7,AM
54,8,AM
54,9,B
54,10,B
54,11,B
54,12,B
54,13,B
54,14,B
54,15,B
54,16,B
54,17,B
54,18,B
54,19,B
54,20,B
54,21,B
54,22,B
54,23,B
54,24,B
54,25,B
54,26,B
54,27,B
54,28,B
54,29,B
54,30,B
54,31,B
54,32,B
54,33,B
54,34,B
54,35,B
54,36,B
54,37,B
54,38,B
54,39,B
54,40,B
54,41,B
54,42,B
54,43,B
54,44,B
54,45,B
54,46,B
54,47,B
54,48,B
54,49,B
54,50,B
54,51,B
54,52,B
54,53,B
54,54,B
54,55,B
54,56,B
54,57,B
54,58,B
54,59,B
54,60,B
54,61,B
54,62,B
54,63,B
54,64,B
54,65,B
54,66,B
54,67,B
54,68,B
54,69,B
54,70,B
54,71,B
54,72,B
54,73,B
54,74,B
54,75,B
54,76,B
54,77,B
54,78,B
54,79,B
54,80,B
54,81,B
54,82,B
54,83,B
54,84,B
54,85,B
54,86,B
54,87,B
54,88,B
54,89,B
54,90,B
54,91,B
54,92,B
54,93,B
54,94,B
54,95,B
54,96,B
54,97,B
54,98,B
54,99,B
54,100,B
55,0,AM
55,1,AM
55,2,AM
55,3,AM
55,4,AM
55,5,AM
55,6,AM
55,7,AM
55,8,AM
55,9,B
55,10,B
55,11,B
55,12,B
55,13,B
55,14,B
55,15,B
55,16,B
55,17,B
55,18,B
55,19,B
55,20,B
55,21,B
55,22,B
55,23,B
55,24,B
55,25,B
55,26,B
55,27,B
55,28,B
55,29,B
55,30,B
55,31,B
55,32,B
55,33,B
55,34,B
55,35,B
55,36,B
55,37,B
55,38,B
55,39,B
55,40,B
55,41,B
55,42,B
55,43,B
55,44,B
55,45,B
55,46,B
55,47,B
55,48,B
55,49,B
55,50,B
55,51,B
55,52,B
55,53,B
55,54,B
55,55,B
55,56,B
55,57,B
55,58,B
55,59,B
55,60,B
55,61,B
55,62,B
55,63,B
55,64,B
55,65,B
55,66,B
55,67,B
55,68,B
55,69,B
55,70,B
55,71,B
55,72,B
55,73,B
55,74,B
55,75,B
55,76,B
55,77,B
55,78,B
55,79,B
55,80,B
55,81,B
55,82,B
55,83,B
55,84,B
55,85,B
55,86,B
55,87,B
55,88,B
55,89,B
55,90,B
55,91,B
55,92,B
55,93,B
55,94,B
55,95,B
55,96,B
55,97,B
55,98,B
55,99,B
55,100,B
56,0,AM
56,1,AM
56,2,AM
56,3,AM
56,4,AM
56,5,AM
56,6,AM
56,7,AM
56,8,AM
56,9,B
56,10,B
56,11,B
56,12,B
56,13,B
56,14,B
56,15,B
56,16,B
56,17,B
56,18,B
56,19,B
56,20,B
56,21,B
56,22,B
56,23,B
56,24,B
56,25,B
56,26,B
56,27,B
56,28,B
56,29,B
56,30,B
56,31,B
56,32,B
56,33,B
56,34,B
56,35,B
56,36,B
56,37,B
56,38,B
56,39,B
56,40,B
56,41,B
56,42,B
56,43,B
56,44,B
56,45,B
56,46,B
56,47,B
56,48,B
56,49,B
56,50,B
56,51,B
56,52,B
56,53,B
56,54,B
56,55,B
56,56,B
56,57,B
56,58,B
56,59,B
56,60,B
56,61,B
56,62,B
56,63,B
56,64,B
56,65,B
56,66,B
56,67,B
56,68,B
56,69,B
56,70,B
56,71,B
56,72,B
56,73,B
56,74,B
56,75,B
56,76,B
56,77,B
56,78,B
56,79,B
56,80,B
56,81,B
56,82,B
56,83,B
56,84,B
56,85,B
56,86,B
56,87,B
56,88,B
56,89,B
56,90,B
56,91,B
56,92,B
56,93,B
56,94,B
56,95,B
56,96,B
56,97,B
56,98,B
56,99,B
56,100,B
57,0,AM
57,1,AM
57,2,AM
57,3,AM
57,4,AM
57,5,AM
57,6,AM
57,7,AM
57,8,AM
57,9,B
57,10,B
57,11,B
57,12,B
57,13,B
57,14,B
57,15,B
57,16,B
57,17,B
57,18,B
57,19,B
57,20,B
57,21,B
57,22,B
57,23,B
57,24,B
57,25,B
57,26,B
57,27,B
57,28,B
57,29,B
57,30,B
57,31,B
57,32,B
57,33,B
57,34,B
57,35,B
57,36,B
57,37,B
57,38,B
57,39,B
57,40,B
57,41,B
57,42,B
57,43,B
57,44,B
57,45,B
57,46,B
57,47,B
57,48,B
57,49,B
57,50,B
57,51,B
57,52,B
57,53,B
57,54,B
57,55,B
57,56,B
57,57,B
57,58,B
57,59,B
57,60,B
57,61,B
57,62,B
57,63,B
57,64,B
57,65,B
57,66,B
57,67,B
57,68,B
57,69,B
57,70,B
57,71,B
57,72,B
57,73,B
57,74,B
57,75,B
57,76,B
57,77,B
57,78,B
57,79,B
57,80,B
57,81,B
57,82,B
57,83,B
57,84,B
57,85,B
57,86,B
57,87,B
57,88,B
57,89,AM
57,90,B
57,91,B
57,92,B
57,93,B
57,94,B
57,95,B
57,96,AM
57,97,B
57,98,B
57,99,B
57,100,B
58,0,AM
58,1,AM
58,2,AM
58,3,AM
58,4,AM
58,5,AM
58,6,AM
58,7,AM
58,8,AM
58,9,B
58,10,B
58,11,B
58,12,B
58,13,B
58,14,B
58,15,B
58,16,B
58,17,B
58,18,B
58,19,B
58,20,B
58,21,B
58,22,B
58,23,B
58,24,B
58,25,B
58,26,B
58,27,B
58,28,B
58,29,B
58,30,B
58,31,B
58,32,B
58,33,B
58,34,B
58,35,B
58,36,B
58,37,B
58,38,B
58,39,B
58,40,B
58,41,B
58,42,B
58,43,B
58,44,B
58,45,B
58,46,B
58,47,B
58,48,B
58,49,B
58,50,B
58,51,B
58,52,B
58,53,B
58,54,B
58,55,B
58,56,B
58,57,B
58,58,B
58,59,B
58,60,B
58,61,B
58,62,B
58,63,B
58,64,B
58,65,B
58,66,B
58,67,B
58,68,B
58,69,B
58,70,B
58,71,B
58,72,B
58,73,B
58,74,B
58,75,B
58,76,B
58,77,B
58,78,B
58,79,B
58,80,B
58,81,B
58,82,B
58,83,B
58,84,B
58,85,B
58,86,B
58,87,B
58,88,B
58,89,B
58,90,B
58,91,B
58,92,B
58,93,B
58,94,B
58,95,AM
58,96,B
58,97,B
58,98,B
58,99,B
58,100,B
59,0,AM
59,1,AM
59,2,AM
59,3,AM
59,4,AM
59,5,AM
59,6,AM
59,7,AM
59,8,AM
59,9,B
59,10,B
59,11,B
59,12,B
59,13,B
59,14,B
59,15,B
59,16,B
59,17,B
59,18,B
59,19,B
59,20,B
59,21,B
59,22,B
59,23,B
59,24,B
59,25,B
59,26,B
59,27,B
59,28,B
59,29,B
59,30,B
59,31,B
59,32,B
59,33,B
59,34,B
59,35,B
59,36,B
59,37,B
59,38,B
59,39,B
59,40,B
59,41,B
59,42,B
59,43,B
59,44,B
59,45,B
59,46,B
59,47,B
59,48,B
59,49,B
59,50,B
59,51,B
59,52,B
59,53,B
59,54,B
59,55,B
59,56,B
59,57,B
59,58,B
59,59,B
59,60,B
59,61,B
59,62,B
59,63,B
59,64,B
59,65,B
59,66,B
59,67,B
59,68,B
59,69,B
59,70,B
59,71,B
59,72,B
59,73,B
59,74,B
59,75,B
59,76,B
59,77,B
59,78,B
59,79,B
59,80,B
59,81,B
59,82,B
59,83,B
59,84,B
59,85,B
59,86,B
59,87,B
59,88,B
59,89,B
59,90,B
59,91,B
59,92,B
59,93,B
59,94,B
59,95,B
59,96,B
59,97,B
59,98,B
59,99,B
59,100,B
60,0,AM
60,1,AM
60,2,AM
60,3,AM
60,4,AM
60,5,AM
60,6,AM
60,7,AM
60,8,AM
60,9,B
60,10,B
60,11,B
60,12,B
60,13,B
60,14,B
60,15,B
60,16,B
60,17,B
60,18,B
60,19,B
60,20,B
60,21,B
60,22,B
60,23,B
60,24,B
60,25,B
60,26,B
60,27,B
60,28,B
60,29,B
60,30,B
60,31,B
60,32,B
60,33,B
60,34,B
60,35,B
60,36,B
60,37,B
60,38,B
60,39,B
60,40,B
60,41,B
60,42,B
60,43,B
60,44,B
60,45,B
60,46,B
60,47,B
60,48,B
60,49,B
60,50,B
60,51,B
60,52,B
60,53,B
60,54,B
60,55,B
60,56,B
60,57,B
60,58,B
60,59,B
60,60,B
60,61,B
60,62,B
60,63,B
60,64,B
60,65,B
60,66,B
60,67,B
60,68,B
60,69,B
60,70,B
60,71,B
60,72,B
60,73,B
60,74,B
60,75,B
60,76,B
60,77,B
60,78,B
60,79,B
60,80,B
60,81,B
60,82,B
60,83,B
60,84,B
60,85,B
60,86,B
60,87,B
60,88,B
60,89,B
60,90,B
60,91,B
60,92,B
60,93,B
60,94,B
60,95,B
60,96,B
60,97,B
60,98,B
60,99,B
60,100,B
61,0,AM
61,1,AM
61,2,AM
61,3,AM
61,4,AM
61,5,AM
61,6,AM
61,7,AM
61,8,AM
61,9,B
61,10,B
61,11,B
61,12,B
61,13,B
61,14,B
61,15,B
61,16,B
61,17,B
61,18,B
61,19,B
61,20,B
61,21,B
61,22,B
61,23,B
61,24,B
61,25,B
61,26,B
61,27,B
61,28,B
61,29,B
61,30,B
61,31,B
61,32,B
61,33,B
61,34,B
61,35,B
61,36,B
61,37,B
61,38,B
61,39,B
61,40,B
61,41,B
61,42,B
61,43,B
61,44,B
61,45,B
61,46,B
61,47,B
61,48,B
61,49,B
61,50,B
61,51,B
61,52,B
61,53,B
61,54,B
61,55,B
61,56,B
61,57,B
61,58,B
61,59,B
61,60,B
61,61,B
61,62,B
61,63,B
61,64,B
61,65,B
61,66,B
61,67,B
61,68,B
61,69,B
61,70,B
61,71,B
61,72,B
61,73,B
61,74,B
61,75,B
61,76,B
61,77,B
61,78,B
61,79,B
61,80,B
61,81,B
61,82,B
61,83,B
61,84,B
61,85,B
61,86,B
61,87,B
61,88,B
61,89,B
61,90,B
61,91,B
61,92,B
61,93,B
61,94,B
61,95,B
61,96,B
61,97,B
61,98,B
61,99,B
61,100,B
62,0,AM
62,1,AM
62,2,AM
62,3,AM
62,4,AM
62,5,AM
62,6,AM
62,7,AM
62,8,AM
62,9,B
62,10,B
62,11,B
62,12,B
62,13,B
62,14,B
62,15,B
62,16,B
62,17,B
62,18,B
62,19,B
62,20,B
62,21,B
62,22,B
62,23,B
62,24,B
62,25,B
62,26,B
62,27,B
62,28,B
62,29,B
62,30,B
62,31,B
62,32,B
62,33,B
62,34,B
62,35,B
62,36,B
62,37,B
62,38,B
62,39,B
62,40,B
62,41,B
62,42,B
62,43,B
62,44,B
62,45,B
62,46,B
62,47,B
62,48,B
62,49,B
62,50,B
62,51,B
62,52,B
62,53,B
62,54,B
62,55,B
62,56,B
62,57,B
62,58,B
62,59,B
62,60,B
62,61,B
62,62,B
62,63,B
62,64,B
62,65,B
62,66,B
62,67,B
62,68,B
62,69,B
62,70,B
62,71,B
62,72,B
62,73,B
62,74,B
62,75,B
62,76,B
62,77,B
62,78,B
62,79,B
62,80,B
62,81,B
62,82,B
62,83,B
62,84,B
62,85,B
62,86,B
62,87,B
62,88,B
62,89,B
62,90,B
62,91,B
62,92,B
62,93,AM
62,94,B
62,95,B
62,96,B
62,97,B
62,98,B
62,99,B
62,100,B
63,0,AM
63,1,AM
63,2,AM
63,3,AM
63,4,AM
63,5,AM
63,6,AM
63,7,AM
63,8,AM
63,9,B
63,10,B
63,11,B
63,12,B
63,13,B
63,14,B
63,15,B
63,16,B
63,17,B
63,18,B
63,19,B
63,20,B
63,21,B
63,22,B
63,23,B
63,24,B
63,25,B
63,26,B
63,27,B
63,28,B
63,29,B
63,30,B
63,31,B
63,32,B
63,33,B
63,34,B
63,35,B
63,36,B
63,37,B
63,38,B
63,39,B
63,40,B
63,41,B
63,42,B
63,43,B
63,44,B
63,45,B
63,46,B
63,47,B
63,48,B
63,49,B
63,50,B
63,51,B
63,52,B
63,53,B
63,54,B
63,55,B
63,56,B
63,57,B
63,58,B
63,59,B
63,60,B
63,61,B
63,62,B
63,63,B
63,64,B
63,65,B
63,66,B
63,67,B
63,68,B
63,69,B
63,70,B
63,71,B
63,72,B
63,73,B
63,74,B
63,75,B
63,76,B
63,77,B
63,78,B
63,79,B
63,80,B
63,81,B
63,82,B
63,83,B
63,84,B
63,85,B
63,86,B
63,87,B
63,88,B
63,89,B
63,90,B
63,91,B
63,92,B
63,93,B
63,94,B
63,95,B
63,96,B
63,97,B
63,98,B
63,99,B
63,100,B
64,0,AM
64,1,AM
64,2,AM
64,3,AM
64,4,AM
64,5,AM
64,6,AM
64,7,AM
64,8,AM
64,9,B
64,10,B
64,11,B
64,12,B
64,13,B
64,14,B
64,15,B
64,16,B
64,17,B
64,18,B
64,19,B
64,20,B
64,21,B
64,22,B
64,23,B
64,24,B
64,25,B
64,26,B
64,27,B
64,28,B
64,29,B
64,30,B
64,31,B
64,32,B
64,33,B
64,34,B
64,35,B
64,36,B
64,37,B
64,38,B
64,39,B
64,40,B
64,41,B
64,42,B
64,43,B
64,44,B
64,45,B
64,46,B
64,47,B
64,48,B
64,49,B
64,50,B
64,51,B
64,52,B
64,53,B
64,54,B
64,55,B
64,56,B
64,57,B
64,58,B
64,59,B
64,60,B
64,61,B
64,62,B
64,63,B
64,64,B
64,65,B
64,66,B
64,67,B
64,68,B
64,69,B
64,70,B
64,71,B
64,72,B
64,73,B
64,74,B
64,75,B
64,76,B
64,77,B
64,78,B
64,79,B
64,80,B
64,81,B
64,82,B
64,83,B
64,84,B
64,85,B
64,86,B
64,87,B
64,88,B
64,89,B
64,90,B
64,91,B
64,92,B
64,93,B
64,94,B
64,95,B
64,96,B
64,97,B
64,98,B
64,99,B
64,100,B
65,0,AM
65,1,AM
65,2,AM
65,3,AM
65,4,AM
65,5,AM
65,6,AM
65,7,AM
65,8,AM
65,9,B
65,10,B
65,11,B
65,12,B
65,13,B
65,14,B
65,15,B
65,16,B
65,17,B
65,18,B
65,19,B
65,20,B
65,21,B
65,22,B
65,23,B
65,24,B
65,25,B
65,26,B
65,27,B
65,28,B
65,29,B
65,30,B
65,31,B
65,32,B
65,33,B
65,34,B
65,35,B
65,36,B
65,37,B
65,38,B
65,39,B
65,40,B
65,41,B
65,42,B
65,43,B
65,44,B
65,45,B
65,46,B
65,47,B
65,48,B
65,49,B
65,50,B
65,51,B
65,52,B
65,53,B
65,54,B
65,55,B
65,56,B
65,57,B
65,58,B
65,59,B
65,60,B
65,61,B
65,62,B
65,63,B
65,64,B
65,65,B
65,66,B
65,67,B
65,68,B
65,69,B
65,70,B
65,71,B
65,72,B
65,73,B
65,74,B
65,75,B
65,76,B
65,77,B
65,78,B
65,79,B
65,80,B
65,81,B
65,82,B
65,83,B
65,84,B
65,85,B
65,86,B
65,87,B
65,88,B
65,89,B
65,90,B
65,91,B
65,92,B
65,93,B
65,94,B
65,95,B
65,96,B
65,97,B
65,98,B
65,99,B
65,100,B
66,0,AM
66,1,AM
66,2,AM
66,3,AM
66,4,AM
66,5,AM
66,6,AM
66,7,AM
66,8,AM
66,9,AM
66,10,AM
66,11,B
66,12,B
66,13,B
66,14,B
66,15,B
66,16,B
66,17,B
66,18,B
66,19,B
66,20,B
66,21,B
66,22,B
66,23,B
66,24,B
66,25,B
66,26,B
66,27,B
66,28,B
66,29,B
66,30,B
66,31,B
66,32,B
66,33,B
66,34,B
66,35,B
66,36,B
66,37,B
66,38,B
66,39,B
66,40,B
66,41,B
66,42,B
66,43,B
66,44,B
66,45,B
66,46,B
66,47,B
66,48,B
66,49,B
66,50,B
66,51,B
66,52,B
66,53,B
66,54,B
66,55,B
66,56,B
66,57,B
66,58,B
66,59,B
66,60,B
66,61,B
66,62,B
66,63,B
66,64,B
66,65,B
66,66,B
66,67,B
66,68,B
66,69,B
66,70,B
66,71,B
66,72,B
66,73,B
66,74,B
66,75,B
66,76,B
66,77,B
66,78,B
66,79,B
66,80,B
66,81,B
66,82,B
66,83,B
66,84,B
66,85,B
66,86,B
66,87,B
66,88,B
66,89,B
66,90,B
66,91,B
66,92,B
66,93,B
66,94,B
66,95,B
66,96,B
66,97,B
66,98,B
66,99,B
66,100,B
67,0,AM
67,1,AM
67,2,AM
67,3,AM
67,4,AM
67,5,AM
67,6,AM
67,7,AM
67,8,AM
67,9,AM
67,10,AM
67,11,B
67,12,B
67,13,B
67,14,B
67,15,B
67,16,B
67,17,B
67,18,B
67,19,B
67,20,B
67,21,B
67,22,B
67,23,B
67,24,B
67,25,B
67,26,B
67,27,B
67,28,B
67,29,B
67,30,B
67,31,B
67,32,B
67,33,B
67,34,B
67,35,B
67,36,B
67,37,B
67,38,B
67,39,B
67,40,B
67,41,B
67,42,B
67,43,B
67,44,B
67,45,B
67,46,B
67,47,B
67,48,B
67,49,B
67,50,B
67,51,B
67,52,B
67,53,B
67,54,B
67,55,B
67,56,B
67,57,B
67,58,B
67,59,B
67,60,B
67,61,B
67,62,B
67,63,B
67,64,B
67,65,B
67,66,B
67,67,B
67,68,B
67,69,B
67,70,B
67,71,B
67,72,B
67,73,B
67,74,B
67,75,B
67,76,B
67,77,B
67,78,B
67,79,B
67,80,B
67,81,B
67,82,B
67,83,B
67,84,B
67,85,B
67,86,B
67,87,B
67,88,B
67,89,B
67,90,B
67,91,B
67,92,B
67,93,B
67,94,B
67,95,B
67,96,B
67,97,B
67,98,B
67,99,B
67,100,B
68,0,AM
68,1,AM
68,2,AM
68,3,AM
68,4,AM
68,5,AM
68,6,AM
68,7,AM
68,8,AM
68,9,AM
68,10,AM
68,11,B
68,12,B
68,13,B
68,14,B
68,15,B
68,16,B
68,17,B
68,18,B
68,19,B
68,20,B
68,21,B
68,22,B
68,23,B
68,24,B
68,25,B
68,26,B
68,27,B
68,28,B
68,29,B
68,30,B
68,31,B
68,32,B
68,33,B
68,34,B
68,35,B
68,36,B
68,37,B
68,38,B
68,39,B
68,40,B
68,41,B
68,42,B
68,43,B
68,44,B
68,45,B
68,46,B
68,47,B
68,48,B
68,49,B
68,50,B
68,51,B
68,52,B
68,53,B
68,54,B
68,55,B
68,56,B
68,57,B
68,58,B
68,59,B
68,60,B
68,61,B
68,62,B
68,63,B
68,64,B
68,65,B
68,66,B
68,67,B
68,68,B
68,69,B
68,70,B
68,71,B
68,72,B
68,73,B
68,74,B
68,75,B
68,76,B
68,77,B
68,78,B
68,79,B
68,80,B
68,81,B
68,82,B
68,83,B
68,84,B
68,85,B
68,86,B
68,87,B
68,88,B
68,89,B
68,90,B
68,91,B
68,92,B
68,93,B
68,94,B
68,95,B
68,96,B
68,97,B
68,98,B
68,99,B
68,100,B
69,0,AM
69,1,AM
69,2,AM
69,3,AM
69,4,AM
69,5,AM
69,6,AM
69,7,AM
69,8,AM
69,9,AM
69,10,AM
69,11,B
69,12,B
69,13,B
69,14,B
69,15,B
69,16,B
69,17,B
69,18,B
69,19,B
69,20,B
69,21,B
69,22,B
69,23,B
69,24,B
69,25,B
69,26,B
69,27,B
69,28,B
69,29,B
69,30,B
69,31,B
69,32,B
69,33,B
69,34,B
69,35,B
69,36,B
69,37,B
69,38,B
69,39,B
69,40,B
69,41,B
69,42,B
69,43,B
69,44,B
69,45,B
69,46,B
69,47,B
69,48,B
69,49,B
69,50,B
69,51,B
69,52,B
69,53,B
69,54,B
69,55,B
69,56,B
69,57,B
69,58,B
69,59,B
69,60,B
69,61,B
69,62,B
69,63,B
69,64,B
69,65,B
69,66,B
69,67,B
69,68,B
69,69,B
69,70,B
69,71,B
69,72,B
69,73,B
69,74,B
69,75,B
69,76,B
69,77,B
69,78,B
69,79,B
69,80,B
69,81,B
69,82,B
69,83,B
69,84,B
69,85,B
69,86,B
69,87,B
69,88,B
69,89,B
69,90,B
69,91,B
69,92,B
69,93,B
69,94,B
69,95,B
69,96,B
69,97,B
69,98,B
69,99,B
69,100,B
70,0,AM
70,1,AM
70,2,AM
70,3,AM
70,4,AM
70,5,AM
70,6,AM
70,7,AM
70,8,AM
70,9,AM
70,10,AM
70,11,B
70,12,B
70,13,B
70,14,B
70,15,B
70,16,B
70,17,B
70,18,B
70,19,B
70,20,B
70,21,B
70,22,B
70,23,B
70,24,B
70,25,B
70,26,B
70,27,B
70,28,B
70,29,B
70,30,B
70,31,B
70,32,B
70,33,B
70,34,B
70,35,B
70,36,B
70,37,B
70,38,B
70,39,B
70,40,B
70,41,B
70,42,B
70,43,B
70,44,B
70,45,B
70,46,B
70,47,B
70,48,B
70,49,B
70,50,B
70,51,B
70,52,B
70,53,B
70,54,B
70,55,B
70,56,B
70,57,B
70,58,B
70,59,B
70,60,B
70,61,B
70,62,B
70,63,B
70,64,B
70,65,B
70,66,B
70,67,B
70,68,B
70,69,B
70,70,B
70,71,B
70,72,B
70,73,B
70,74,B
70,75,B
70,76,B
70,77,B
70,78,B
70,79,B
70,80,B
70,81,B
70,82,B
70,83,B
70,84,B
70,85,B
70,86,B
70,87,B
70,88,B
70,89,B
70,90,B
70,91,B
70,92,B
70,93,B
70,94,B
70,95,B
70,96,B
70,97,B
70,98,B
70,99,B
70,100,B
71,0,AM
71,1,AM
71,2,AM
71,3,AM
71,4,AM
71,5,AM
71,6,AM
71,7,AM
71,8,AM
71,9,AM
71,10,AM
71,11,B
71,12,B
71,13,B
71,14,B
71,15,B
71,16,B
71,17,B
71,18,B
71,19,B
71,20,B
71,21,B
71,22,B
71,23,B
71,24,B
71,25,B
71,26,B
71,27,B
71,28,B
71,29,B
71,30,B
71,31,B
71,32,B
71,33,B
71,34,B
71,35,B
71,36,B
71,37,B
71,38,B
71,39,B
71,40,B
71,41,B
71,42,B
71,43,B
71,44,B
71,45,B
71,46,B
71,47,B
71,48,B
71,49,B
71,50,B
71,51,B
71,52,B
71,53,B
71,54,B
71,55,B
71,56,B
71,57,B
71,58,B
71,59,B
71,60,B
71,61,B
71,62,B
71,63,B
71,64,B
71,65,B
71,66,B
71,67,B
71,68,B
71,69,B
71,70,B
71,71,B
71,72,B
71,73,B
71,74,B
71,75,B
71,76,B
71,77,B
71,78,B
71,79,B
71,80,B
71,81,B
71,82,B
71,83,B
71,84,B
71,85,B
71,86,B
71,87,B
71,88,B
71,89,B
71,90,B
71,91,B
71,92,B
71,93,B
71,94,B
71,95,B
71,96,B
71,97,B
71,98,B
71,99,B
71,100,B
72,0,AM
72,1,AM
72,2,AM
72,3,AM
72,4,AM
72,5,AM
72,6,AM
72,7,AM
72,8,AM
72,9,AM
72,10,AM
72,11,B
72,12,B
72,13,B
72,14,B
72,15,B
72,16,B
72,17,B
72,18,B
72,19,B
72,20,B
72,21,B
72,22,B
72,23,B
72,24,B
72,25,B
72,26,B
72,27,B
72,28,B
72,29,B
72,30,B
72,31,B
72,32,B
72,33,B
72,34,B
72,35,B
72,36,B
72,37,B
72,38,B
72,39,B
72,40,B
72,41,B
72,42,B
72,43,B
72,44,B
72,45,B
72,46,B
72,47,B
72,48,B
72,49,B
72,50,B
72,51,B
72,52,B
72,53,B
72,54,B
72,55,B
72,56,B
72,57,B
72,58,B
72,59,B
72,60,B
72,61,B
72,62,B
72,63,B
72,64,B
72,65,B
72,66,B
72,67,B
72,68,B
72,69,B
72,70,B
72,71,B
72,72,B
72,73,B
72,74,B
72,75,B
72,76,B
72,77,B
72,78,B
72,79,B
72,80,B
72,81,B
72,82,B
72,83,B
72,84,B
72,85,B
72,86,B
72,87,B
72,88,B
72,89,B
72,90,B
72,91,B
72,92,B
72,93,B
72,94,B
72,95,B
72,96,B
72,97,B
72,98,B
72,99,B
72,100,B
73,0,AM
73,1,AM
73,2,AM
73,3,AM
73,4,AM
73,5,AM
73,6,AM
73,7,AM
73,8,AM
73,9,AM
73,10,AM
73,11,B
73,12,B
73,13,B
73,14,B
73,15,B
73,16,B
73,17,B
73,18,B
73,19,B
73,20,B
73,21,B
73,22,B
73,23,B
73,24,B
73,25,B
73,26,B
73,27,B
73,28,B
73,29,B
73,30,B
73,31,B
73,32,B
73,33,B
73,34,B
73,35,B
73,36,B
73,37,B
73,38,B
73,39,B
73,40,B
73,41,B
73,42,B
73,43,B
73,44,B
73,45,B
73,46,B
73,47,B
73,48,B
73,49,B
73,50,B
73,51,B
73,52,B
73,53,B
73,54,B
73,55,B
73,56,B
73,57,B
73,58,B
73,59,B
73,60,B
73,61,B
73,62,B
73,63,B
73,64,B
73,65,B
73,66,B
73,67,B
73,68,B
73,69,B
73,70,B
73,71,B
73,72,B
73,73,B
73,74,B
73,75,B
73,76,B
73,77,B
73,78,B
73,79,B
73,80,B
73,81,B
73,82,B
73,83,B
73,84,B
73,85,B
73,86,B
73,87,B
73,88,B
73,89,B
73,90,B
73,91,B
73,92,B
73,93,B
73,94,B
73,95,B
73,96,B
73,97,B
73,98,B
73,99,B
73,100,B
74,0,AM
74,1,AM
74,2,AM
74,3,AM
74,4,AM
74,5,AM
74,6,AM
74,7,AM
74,8,AM
74,9,AM
74,10,AM
74,11,B
74,12,B
74,13,B
74,14,B
74,15,B
74,16,B
74,17,B
74,18,B
74,19,B
74,20,B
74,21,B
74,22,B
74,23,B
74,24,B
74,25,B
74,26,B
74,27,B
74,28,B
74,29,B
74,30,B
74,31,B
74,32,B
74,33,B
74,34,B
74,35,B
74,36,B
74,37,B
74,38,B
74,39,B
74,40,B
74,41,B
74,42,B
74,43,B
74,44,B
74,45,B
74,46,B
74,47,B
74,48,B
74,49,B
74,50,B
74,51,B
74,52,B
74,53,B
74,54,B
74,55,B
74,56,B
74,57,B
74,58,B
74,59,B
74,60,B
74,61,B
74,62,B
74,63,B
74,64,B
74,65,B
74,66,B
74,67,B
74,68,B
74,69,B
74,70,B
74,71,B
74,72,B
74,73,B
74,74,B
74,75,B
74,76,B
74,77,B
74,78,B
74,79,B
74,80,B
74,81,B
74,82,B
74,83,B
74,84,B
74,85,B
74,86,B
74,87,B
74,88,B
74,89,B
74,90,B
74,91,B
74,92,B
74,93,B
74,94,B
74,95,B
74,96,B
74,97,B
74,98,B
74,99,B
74,100,B
75,0,AM
75,1,AM
75,2,AM
75,3,AM
75,4,AM
75,5,AM
75,6,AM
75,7,AM
75,8,AM
75,9,AM
75,10,AM
75,11,B
75,12,B
75,13,B
75,14,B
75,15,B
75,16,B
75,17,B
75,18,B
75,19,B
75,20,B
75,21,B
75,22,B
75,23,B
75,24,B
75,25,B
75,26,B
75,27,B
75,28,B
75,29,B
75,30,B
75,31,B
75,32,B
75,33,B
75,34,B
75,35,B
75,36,B
75,37,B
75,38,B
75,39,B
75,40,B
75,41,B
75,42,B
75,43,B
75,44,B
75,45,B
75,46,B
75,47,B
75,48,B
75,49,B
75,50,B
75,51,B
75,52,B
75,53,B
75,54,B
75,55,B
75,56,B
75,57,B
75,58,B
75,59,B
75,60,B
75,61,B
75,62,B
75,63,B
75,64,B
75,65,B
75,66,B
75,67,B
75,68,B
75,69,B
75,70,B
75,71,B
75,72,B
75,73,B
75,74,B
75,75,B
75,76,B
75,77,B
75,78,B
75,79,B
75,80,B
75,81,B
75,82,B
75,83,B
75,84,B
75,85,B
75,86,B
75,87,B
75,88,B
75,89,B
75,90,B
75,91,B
75,92,B
75,93,B
75,94,B
75,95,B
75,96,B
75,97,B
75,98,B
75,99,B
75,100,B
76,0,AM
76,1,AM
76,2,AM
76,3,AM
76,4,AM
76,5,AM
76,6,AM
76,7,AM
76,8,AM
76,9,AM
76,10,AM
76,11,B
76,12,B
76,13,B
76,14,B
76,15,B
76,16,B
76,17,B
76,18,B
76,19,B
76,20,B
76,21,B
76,22,B
76,23,B
76,24,B
76,25,B
76,26,B
76,27,B
76,28,B
76,29,B
76,30,B
76,31,B
76,32,B
76,33,B
76,34,B
76,35,B
76,36,B
76,37,B
76,38,B
76,39,B
76,40,B
76,41,B
76,42,B
76,43,B
76,44,B
76,45,B
76,46,B
76,47,B
76,48,B
76,49,B
76,50,B
76,51,B
76,52,B
76,53,B
76,54,B
76,55,B
76,56,B
76,57,B
76,58,B
76,59,B
76,60,B
76,61,B
76,62,B
76,63,B
76,64,B
76,65,B
76,66,B
76,67,B
76,68,B
76,69,B
76,70,B
76,71,B
76,72,B
76,73,B
76,74,B
76,75,B
76,76,B
76,77,B
76,78,B
76,79,B
76,80,B
76,81,B
76,82,B
76,83,B
76,84,B
76,85,B
76,86,B
76,87,B
76,88,B
76,89,B
76,90,B
76,91,B
76,92,B
76,93,B
76,94,B
76,95,B
76,96,B
76,97,B
76,98,B
76,99,B
76,100,B
77,0,AM
77,1,AM
77,2,AM
77,3,AM
77,4,AM
77,5,AM
77,6,AM
77,7,AM
77,8,AM
77,9,AM
77,10,AM
77,11,B
77,12,B
77,13,B
77,14,B
77,15,B
77,16,B
77,17,B
77,18,B
77,19,B
77,20,B
77,21,B
77,22,B
77,23,B
77,24,B
77,25,B
77,26,B
77,27,B
77,28,B
77,29,B
77,30,B
77,31,B
77,32,B
77,33,B
77,34,B
77,35,B
77,36,B
77,37,B
77,38,B
77,39,B
77,40,B
77,41,B
77,42,B
77,43,B
77,44,B
77,45,B
77,46,B
77,47,B
77,48,B
77,49,B
77,50,B
77,51,B
77,52,B
77,53,B
77,54,B
77,55,B
77,56,B
77,57,B
77,58,B
77,59,B
77,60,B
77,61,B
77,62,B
77,63,B
77,64,B
77,65,B
77,66,B
77,67,B
77,68,B
77,69,B
77,70,B
77,71,B
77,72,B
77,73,B
77,74,B
77,75,B
77,76,B
77,77,B
77,78,B
77,79,B
77,80,B
77,81,B
77,82,B
77,83,B
77,84,B
77,85,B
77,86,B
77,87,B
77,88,B
77,89,B
77,90,B
77,91,B
77,92,B
77,93,B
77,94,B
77,95,B
77,96,B
77,97,B
77,98,B
77,99,B
77,100,B
78,0,AM
78,1,AM
78,2,AM
78,3,AM
78,4,AM
78,5,AM
78,6,AM
78,7,AM
78,8,AM
78,9,AM
78,10,AM
78,11,B
78,12,B
78,13,B
78,14,B
78,15,B
78,16,B
78,17,B
78,18,B
78,19,B
78,20,B
78,21,B
78,22,B
78,23,B
78,24,B
78,25,B
78,26,B
78,27,B
78,28,B
78,29,B
78,30,B
78,31,B
78,32,B
78,33,B
78,34,B
78,35,B
78,36,B
78,37,B
78,38,B
78,39,B
78,40,B
78,41,B
78,42,B
78,43,B
78,44,B
78,45,B
78,46,B
78,47,B
78,48,B
78,49,B
78,50,B
78,51,B
78,52,B
78,53,B
78,54,B
78,55,B
78,56,B
78,57,B
78,58,B
78,59,B
78,60,B
78,61,B
78,62,B
78,63,B
78,64,B
78,65,B
78,66,B
78,67,B
78,68,B
78,69,B
78,70,B
78,71,B
78,72,B
78,73,B
78,74,B
78,75,B
78,76,B
78,77,B
78,78,B
78,79,B
78,80,B
78,81,B
78,82,B
78,83,B
78,84,B
78,85,B
78,86,B
78,87,B
78,88,B
78,89,B
78,90,B
78,91,B
78,92,B
78,93,B
78,94,B
78,95,B
78,96,B
78,97,B
78,98,B
78,99,B
78,100,B
79,0,AM
79,1,AM
79,2,AM
79,3,AM
79,4,AM
79,5,AM
79,6,AM
79,7,AM
79,8,AM
79,9,AM
79,10,AM
79,11,B
79,12,B
79,13,B
79,14,B
79,15,B
79,16,B
79,17,B
79,18,B
79,19,B
79,20,B
79,21,B
79,22,B
79,23,B
79,24,B
79,25,B
79,26,B
79,27,B
79,28,B
79,29,B
79,30,B
79,31,B
79,32,B
79,33,B
79,34,B
79,35,B
79,36,B
79,37,B
79,38,B
79,39,B
79,40,B
79,41,B
79,42,B
79,43,B
79,44,B
79,45,B
79,46,B
79,47,B
79,48,B
79,49,B
79,50,B
79,51,B
79,52,B
79,53,B
79,54,B
79,55,B
79,56,B
79,57,B
79,58,B
79,59,B
79,60,B
79,61,B
79,62,B
79,63,B
79,64,B
79,65,B
79,66,B
79,67,B
79,68,B
79,69,B
79,70,B
79,71,B
79,72,B
79,73,B
79,74,B
79,75,B
79,76,B
79,77,B
79,78,B
79,79,B
79,80,B
79,81,B
79,82,B
79,83,B
79,84,B
79,85,B
79,86,B
79,87,B
79,88,B
79,89,B
79,90,B
79,91,B
79,92,B
79,93,B
79,94,B
79,95,B
79,96,B
79,97,B
79,98,B
79,99,B
79,100,B
80,0,AM
80,1,AM
80,2,AM
80,3,AM
80,4,AM
80,5,AM
80,6,AM
80,7,AM
80,8,AM
80,9,AM
80,10,AM
80,11,B
80,12,B
80,13,B
80,14,B
80,15,B
80,16,B
80,17,B
80,18,B
80,19,B
80,20,B
80,21,B
80,22,B
80,23,B
80,24,B
80,25,B
80,26,B
80,27,B
80,28,B
80,29,B
80,30,B
80,31,B
80,32,B
80,33,B
80,34,B
80,35,B
80,36,B
80,37,B
80,38,B
80,39,B
80,40,B
80,41,B
80,42,B
80,43,B
80,44,B
80,45,B
80,46,B
80,47,B
80,48,B
80,49,B
80,50,B
80,51,B
80,52,B
80,53,B
80,54,B
80,55,B
80,56,B
80,57,B
80,58,B
80,59,B
80,60,B
80,61,B
80,62,B
80,63,B
80,64,B
80,65,B
80,66,B
80,67,B
80,68,B
80,69,B
80,70,B
80,71,B
80,72,B
80,73,B
80,74,B
80,75,B
80,76,B
80,77,B
80,78,B
80,79,B
80,80,B
80,81,B
80,82,B
80,83,B
80,84,B
80,85,B
80,86,B
80,87,B
80,88,B
80,89,B
80,90,B
80,91,B
80,92,B
80,93,B
80,94,B
80,95,B
80,96,B
80,97,B
80,98,B
80,99,B
80,100,B
81,0,AM
81,1,AM
81,2,AM
81,3,AM
81,4,AM
81,5,AM
81,6,AM
81,7,AM
81,8,AM
81,9,AM
81,10,AM
81,11,AM
81,12,AM
81,13,AM
81,14,AM
81,15,AM
81,16,B
81,17,B
81,18,B
81,19,B
81,20,B
81,21,B
81,22,B
81,23,B
81,24,B
81,25,B
81,26,B
81,27,B
81,28,B
81,29,B
81,30,B
81,31,B
81,32,B
81,33,B
81,34,B
81,35,B
81,36,B
81,37,B
81,38,B
81,39,B
81,40,B
81,41,B
81,42,B
81,43,B
81,44,B
81,45,B
81,46,B
81,47,B
81,48,B
81,49,B
81,50,B
81,51,B
81,52,B
81,53,B
81,54,B
81,55,B
81,56,B
81,57,B
81,58,B
81,59,B
81,60,B
81,61,B
81,62,B
81,63,B
81,64,B
81,65,B
81,66,B
81,67,B
81,68,B
81,69,B
81,70,B
81,71,B
81,72,B
81,73,B
81,74,B
81,75,B
81,76,B
81,77,B
81,78,B
81,79,B
81,80,B
81,81,B
81,82,B
81,83,B
81,84,B
81,85,B
81,86,B
81,87,B
81,88,B
81,89,B
81,90,B
81,91,B
81,92,B
81,93,B
81,94,B
81,95,B
81,96,B
81,97,B
81,98,B
81,99,B
81,100,B
82,0,AM
82,1,AM
82,2,AM
82,3,AM
82,4,AM
82,5,AM
82,6,AM
82,7,AM
82,8,AM
82,9,AM
82,10,AM
82,11,AM
82,12,AM
82,13,AM
82,14,AM
82,15,AM
82,16,B
82,17,B
82,18,B
82,19,B
82,20,B
82,21,B
82,22,B
82,23,B
82,24,B
82,25,B
82,26,B
82,27,B
82,28,B
82,29,B
82,30,B
82,31,B
82,32,B
82,33,B
82,34,B
82,35,B
82,36,B
82,37,B
82,38,B
82,39,B
82,40,B
82,41,B
82,42,B
82,43,B
82,44,B
82,45,B
82,46,B
82,47,B
82,48,B
82,49,B
82,50,B
82,51,B
82,52,B
82,53,B
82,54,B
82,55,B
82,56,B
82,57,B
82,58,B
82,59,B
82,60,B
82,61,B
82,62,B
82,63,B
82,64,B
82,65,B
82,66,B
82,67,B
82,68,B
82,69,B
82,70,B
82,71,B
82,72,B
82,73,B
82,74,B
82,75,B
82,76,B
82,77,B
82,78,B
82,79,B
82,80,B
82,81,B
82,82,B
82,83,B
82,84,B
82,85,B
82,86,B
82,87,B
82,88,B
82,89,B
82,90,B
82,91,B
82,92,B
82,93,B
82,94,B
82,95,B
82,96,B
82,97,B
82,98,B
82,99,B
82,100,B
83,0,AM
83,1,AM
83,2,AM
83,3,AM
83,4,AM
83,5,AM
83,6,AM
83,7,AM
83,8,AM
83,9,AM
83,10,AM
83,11,AM
83,12,AM
83,13,AM
83,14,AM
83,15,AM
83,16,B
83,17,B
83,18,B
83,19,B
83,20,B
83,21,B
83,22,B
83,23,B
83,24,B
83,25,B
83,26,B
83,27,B
83,28,B
83,29,B
83,30,B
83,31,B
83,32,B
83,33,B
83,34,B
83,35,B
83,36,B
83,37,B
83,38,B
83,39,B
83,40,B
83,41,B
83,42,B
83,43,B
83,44,B
83,45,B
83,46,B
83,47,B
83,48,B
83,49,B
83,50,B
83,51,B
83,52,B
83,53,B
83,54,B
83,55,B
83,56,B
83,57,B
83,58,B
83,59,B
83,60,B
83,61,B
83,62,B
83,63,B
83,64,B
83,65,B
83,66,B
83,67,B
83,68,B
83,69,B
83,70,B
83,71,B
83,72,B
83,73,B
83,74,B
83,75,B
83,76,B
83,77,B
83,78,B
83,79,B
83,80,B
83,81,B
83,82,B
83,83,B
83,84,B
83,85,B
83,86,B
83,87,B
83,88,B
83,89,B
83,90,B
83,91,B
83,92,B
83,93,B
83,94,B
83,95,B
83,96,B
83,97,B
83,98,B
83,99,B
83,100,B
84,0,AM
84,1,AM
84,2,AM
84,3,AM
84,4,AM
84,5,AM
84,6,AM
84,7,AM
84,8,AM
84,9,AM
84,10,AM
84,11,AM
84,12,AM
84,13,AM
84,14,AM
84,15,AM
84,16,B
84,17,B
84,18,B
84,19,B
84,20,B
84,21,B
84,22,B
84,23,B
84,24,B
84,25,B
84,26,B
84,27,B
84,28,B
84,29,B
84,30,B
84,31,B
84,32,B
84,33,B
84,34,B
84,35,B
84,36,B
84,37,B
84,38,B
84,39,B
84,40,B
84,41,B
84,42,B
84,43,B
84,44,B
84,45,B
84,46,B
84,47,B
84,48,B
84,49,B
84,50,B
84,51,B
84,52,B
84,53,B
84,54,B
84,55,B
84,56,B
84,57,B
84,58,B
84,59,B
84,60,B
84,61,B
84,62,B
84,63,B
84,64,B
84,65,B
84,66,B
84,67,B
84,68,B
84,69,B
84,70,B
84,71,B
84,72,B
84,73,B
84,74,B
84,75,B
84,76,B
84,77,B
84,78,B
84,79,B
84,80,B
84,81,B
84,82,B
84,83,B
84,84,B
84,85,B
84,86,B
84,87,B
84,88,B
84,89,B
84,90,B
84,91,B
84,92,B
84,93,B
84,94,B
84,95,B
84,96,B
84,97,B
84,98,B
84,99,B
84,100,B
85,0,AM
85,1,AM
85,2,AM
85,3,AM
85,4,AM
85,5,AM
85,6,AM
85,7,AM
85,8,AM
85,9,AM
85,10,AM
85,11,AM
85,12,AM
85,13,AM
85,14,AM
85,15,AM
85,16,B
85,17,B
85,18,B
85,19,B
85,20,B
85,21,B
85,22,B
85,23,B
85,24,B
85,25,B
85,26,B
85,27,B
85,28,B
85,29,B
85,30,B
85,31,B
85,32,B
85,33,B
85,34,B
85,35,B
85,36,B
85,37,B
85,38,B
85,39,B
85,40,B
85,41,B
85,42,B
85,43,B
85,44,B
85,45,B
85,46,B
85,47,B
85,48,B
85,49,B
85,50,B
85,51,B
85,52,B
85,53,B
85,54,B
85,55,B
85,56,B
85,57,B
85,58,B
85,59,B
85,60,B
85,61,B
85,62,B
85,63,B
85,64,B
85,65,B
85,66,B
85,67,B
85,68,B
85,69,B
85,70,B
85,71,B
85,72,B
85,73,B
85,74,B
85,75,B
85,76,B
85,77,B
85,78,B
85,79,B
85,80,B
85,81,B
85,82,B
85,83,B
85,84,B
85,85,B
85,86,B
85,87,B
85,88,B
85,89,B
85,90,B
85,91,B
85,92,B
85,93,B
85,94,B
85,95,B
85,96,B
85,97,B
85,98,B
85,99,B
85,100,B
86,0,AM
86,1,AM
86,2,AM
86,3,AM
86,4,AM
86,5,AM
86,6,AM
86,7,AM
86,8,AM
86,9,AM
86,10,AM
86,11,AM
86,12,AM
86,13,AM
86,14,AM
86,15,AM
86,16,B
86,17,B
86,18,B
86,19,B
86,20,B
86,21,B
86,22,B
86,23,B
86,24,B
86,25,B
86,26,B
86,27,B
86,28,B
86,29,B
86,30,B
86,31,B
86,32,B
86,33,B
86,34,B
86,35,B
86,36,B
86,37,B
86,38,B
86,39,B
86,40,B
86,41,B
86,42,B
86,43,B
86,44,B
86,45,B
86,46,B
86,47,B
86,48,B
86,49,B
86,50,B
86,51,B
86,52,B
86,53,B
86,54,B
86,55,B
86,56,B
86,57,B
86,58,B
86,59,B
86,60,B
86,61,B
86,62,B
86,63,B
86,64,B
86,65,B
86,66,B
86,67,B
86,68,B
86,69,B
86,70,B
86,71,B
86,72,B
86,73,B
86,74,B
86,75,B
86,76,B
86,77,B
86,78,B
86,79,B
86,80,B
86,81,B
86,82,B
86,83,B
86,84,B
86,85,B
86,86,B
86,87,B
86,88,B
86,89,B
86,90,B
86,91,B
86,92,B
86,93,B
86,94,B
86,95,B
86,96,B
86,97,B
86,98,B
86,99,B
86,100,B
87,0,AM
87,1,AM
87,2,AM
87,3,AM
87,4,AM
87,5,AM
87,6,AM
87,7,AM
87,8,AM
87,9,AM
87,10,AM
87,11,AM
87,12,AM
87,13,AM
87,14,AM
87,15,AM
87,16,B
87,17,B
87,18,B
87,19,B
87,20,B
87,21,B
87,22,B
87,23,B
87,24,B
87,25,B
87,26,B
87,27,B
87,28,B
87,29,B
87,30,B
87,31,B
87,32,B
87,33,B
87,34,B
87,35,B
87,36,B
87,37,B
87,38,B
87,39,B
87,40,B
87,41,B
87,42,B
87,43,B
87,44,B
87,45,B
87,46,B
87,47,B
87,48,B
87,49,B
87,50,B
87,51,B
87,52,B
87,53,B
87,54,B
87,55,B
87,56,B
87,57,B
87,58,B
87,59,B
87,60,B
87,61,B
87,62,B
87,63,B
87,64,B
87,65,B
87,66,B
87,67,B
87,68,B
87,69,B
87,70,B
87,71,B
87,72,B
87,73,B
87,74,B
87,75,B
87,76,B
87,77,B
87,78,B
87,79,B
87,80,B
87,81,B
87,82,B
87,83,B
87,84,B
87,85,B
87,86,B
87,87,B
87,88,B
87,89,B
87,90,B
87,91,B
87,92,B
87,93,B
87,94,B
87,95,B
87,96,B
87,97,B
87,98,B
87,99,B
87,100,B
88,0,AM
88,1,AM
88,2,AM
88,3,AM
88,4,AM
88,5,AM
88,6,AM
88,7,AM
88,8,AM
88,9,AM
88,10,AM
88,11,AM
88,12,AM
88,13,AM
88,14,AM
88,15,AM
88,16,B
88,17,B
88,18,B
88,19,B
88,20,B
88,21,B
88,22,B
88,23,B
88,24,B
88,25,B
88,26,B
88,27,B
88,28,B
88,29,B
88,30,B
88,31,B
88,32,B
88,33,B
88,34,B
88,35,B
88,36,B
88,37,B
88,38,B
88,39,B
88,40,B
88,41,B
88,42,B
88,43,B
88,44,B
88,45,B
88,46,B
88,47,B
88,48,B
88,49,B
88,50,B
88,51,B
88,52,B
88,53,B
88,54,B
88,55,B
88,56,B
88,57,B
88,58,B
88,59,B
88,60,B
88,61,B
88,62,B
88,63,B
88,64,B
88,65,B
88,66,B
88,67,B
88,68,B
88,69,B
88,70,B
88,71,B
88,72,B
88,73,B
88,74,B
88,75,B
88,76,B
88,77,B
88,78,B
88,79,B
88,80,B
88,81,B
88,82,B
88,83,B
88,84,B
88,85,B
88,86,B
88,87,B
88,88,B
88,89,B
88,90,B
88,91,B
88,92,B
88,93,B
88,94,B
88,95,B
88,96,B
88,97,B
88,98,B
88,99,B
88,100,B
89,0,AM
89,1,AM
89,2,AM
89,3,AM
89,4,AM
89,5,AM
89,6,AM
89,7,AM
89,8,AM
89,9,AM
89,10,AM
89,11,AM
89,12,AM
89,13,AM
89,14,AM
89,15,AM
89,16,B
89,17,B
89,18,B
89,19,B
89,20,B
89,21,B
89,22,B
89,23,B
89,24,B
89,25,B
89,26,B
89,27,B
89,28,B
89,29,B
89,30,B
89,31,B
89,32,B
89,33,B
89,34,B
89,35,B
89,36,B
89,37,B
89,38,B
89,39,B
89,40,B
89,41,B
89,42,B
89,43,B
89,44,B
89,45,B
89,46,B
89,47,B
89,48,B
89,49,B
89,50,B
89,51,B
89,52,B
89,53,B
89,54,B
89,55,B
89,56,B
89,57,B
89,58,B
89,59,B
89,60,B
89,61,B
89,62,B
89,63,B
89,64,B
89,65,B
89,66,B
89,67,B
89,68,B
89,69,B
89,70,B
89,71,B
89,72,B
89,73,B
89,74,B
89,75,B
89,76,B
89,77,B
89,78,B
89,79,B
89,80,B
89,81,B
89,82,B
89,83,B
89,84,B
89,85,B
89,86,B
89,87,B
89,88,B
89,89,B
89,90,B
89,91,B
89,92,B
89,93,B
89,94,B
89,95,B
89,96,B
89,97,B
89,98,B
89,99,B
89,100,B
90,0,AM
90,1,AM
90,2,AM
90,3,AM
90,4,AM
90,5,AM
90,6,AM
90,7,AM
90,8,AM
90,9,AM
90,10,AM
90,11,AM
90,12,AM
90,13,AM
90,14,AM
90,15,AM
90,16,B
90,17,B
90,18,B
90,19,B
90,20,B
90,21,B
90,22,B
90,23,B
90,24,B
90,25,B
90,26,B
90,27,B
90,28,B
90,29,B
90,30,B
90,31,B
90,32,B
90,33,B
90,34,B
90,35,B
90,36,B
90,37,B
90,38,B
90,39,B
90,40,B
90,41,B
90,42,B
90,43,B
90,44,B
90,45,B
90,46,B
90,47,B
90,48,B
90,49,B
90,50,B
90,51,B
90,52,B
90,53,B
90,54,B
90,55,B
90,56,B
90,57,B
90,58,B
90,59,B
90,60,B
90,61,B
90,62,B
90,63,B
90,64,B
90,65,B
90,66,B
90,67,B
90,68,B
90,69,B
90,70,B
90,71,B
90,72,B
90,73,B
90,74,B
90,75,B
90,76,B
90,77,B
90,78,B
90,79,B
90,80,B
90,81,B
90,82,B
90,83,B
90,84,B
90,85,B
90,86,B
90,87,B
90,88,B
90,89,B
90,90,B
90,91,B
90,92,B
90,93,B
90,94,B
90,95,B
90,96,B
90,97,B
90,98,B
90,99,B
90,100,B
91,0,AM
91,1,AM
91,2,AM
91,3,AM
91,4,AM
91,5,AM
91,6,AM
91,7,AM
91,8,AM
91,9,AM
91,10,AM
91,11,AM
91,12,AM
91,13,AM
91,14,AM
91,15,AM
91,16,AM
91,17,AM
91,18,B
91,19,B
91,20,B
91,21,B
91,22,B
91,23,B
91,24,B
91,25,B
91,26,B
91,27,B
91,28,B
91,29,B
91,30,B
91,31,B
91,32,B
91,33,B
91,34,B
91,35,B
91,36,B
91,37,B
91,38,B
91,39,B
91,40,B
91,41,B
91,42,B
91,43,B
91,44,B
91,45,B
91,46,B
91,47,B
91,48,B
91,49,B
91,50,B
91,51,B
91,52,B
91,53,B
91,54,B
91,55,B
91,56,B
91,57,B
91,58,B
91,59,B
91,60,B
91,61,B
91,62,B
91,63,B
91,64,B
91,65,B
91,66,B
91,67,B
91,68,B
91,69,B
91,70,B
91,71,B
91,72,B
91,73,B
91,74,B
91,75,B
91,76,B
91,77,B
91,78,B
91,79,B
91,80,B
91,81,B
91,82,B
91,83,B
91,84,B
91,85,B
91,86,B
91,87,B
91,88,B
91,89,B
91,90,B
91,91,B
91,92,B
91,93,B
91,94,B
91,95,B
91,96,B
91,97,B
91,98,B
91,99,B
91,100,B
92,0,AM
92,1,AM
92,2,AM
92,3,AM
92,4,AM
92,5,AM
92,6,AM
92,7,AM
92,8,AM
92,9,AM
92,10,AM
92,11,AM
92,12,AM
92,13,AM
92,14,AM
92,15,AM
92,16,AM
92,17,AM
92,18,B
92,19,B
92,20,B
92,21,B
92,22,B
92,23,B
92,24,B
92,25,B
92,26,B
92,27,B
92,28,B
92,29,B
92,30,B
92,31,B
92,32,B
92,33,B
92,34,B
92,35,B
92,36,B
92,37,B
92,38,B
92,39,B
92,40,B
92,41,B
92,42,B
92,43,B
92,44,B
92,45,B
92,46,B
92,47,B
92,48,B
92,49,B
92,50,B
92,51,B
92,52,B
92,53,B
92,54,B
92,55,B
92,56,B
92,57,B
92,58,B
92,59,B
92,60,B
92,61,B
92,62,B
92,63,B
92,64,B
92,65,B
92,66,B
92,67,B
92,68,B
92,69,B
92,70,B
92,71,B
92,72,B
92,73,B
92,74,B
92,75,B
92,76,B
92,77,B
92,78,B
92,79,B
92,80,B
92,81,B
92,82,B
92,83,B
92,84,B
92,85,B
92,86,B
92,87,B
92,88,B
92,89,B
92,90,B
92,91,B
92,92,B
92,93,B
92,94,B
92,95,B
92,96,B
92,97,B
92,98,B
92,99,B
92,100,B
93,0,AM
93,1,AM
93,2,AM
93,3,AM
93,4,AM
93,5,AM
93,6,AM
93,7,AM
93,8,AM
93,9,AM
93,10,AM
93,11,AM
93,12,AM
93,13,AM
93,14,AM
93,15,AM
93,16,AM
93,17,AM
93,18,B
93,19,B
93,20,B
93,21,B
93,22,B
93,23,B
93,24,B
93,25,B
93,26,B
93,27,B
93,28,B
93,29,B
93,30,B
93,31,B
93,32,B
93,33,B
93,34,B
93,35,B
93,36,B
93,37,B
93,38,B
93,39,B
93,40,B
93,41,B
93,42,B
93,43,B
93,44,B
93,45,B
93,46,B
93,47,B
93,48,B
93,49,B
93,50,B
93,51,B
93,52,B
93,53,B
93,54,B
93,55,B
93,56,B
93,57,B
93,58,B
93,59,B
93,60,B
93,61,B
93,62,B
93,63,B
93,64,B
93,65,B
93,66,B
93,67,B
93,68,B
93,69,B
93,70,B
93,71,B
93,72,B
93,73,B
93,74,B
93,75,B
93,76,B
93,77,B
93,78,B
93,79,B
93,80,B
93,81,B
93,82,B
93,83,B
93,84,B
93,85,B
93,86,B
93,87,B
93,88,B
93,89,B
93,90,B
93,91,B
93,92,B
93,93,B
93,94,B
93,95,B
93,96,B
93,97,B
93,98,B
93,99,B
93,100,B
94,0,AM
94,1,AM
94,2,AM
94,3,AM
94,4,AM
94,5,AM
94,6,AM
94,7,AM
94,8,AM
94,9,AM
94,10,AM
94,11,AM
94,12,AM
94,13,AM
94,14,AM
94,15,AM
94,16,AM
94,17,AM
94,18,B
94,19,B
94,20,B
94,21,B
94,22,B
94,23,B
94,24,B
94,25,B
94,26,B
94,27,B
94,28,B
94,29,B
94,30,B
94,31,B
94,32,B
94,33,B
94,34,B
94,35,B
94,36,B
94,37,B
94,38,B
94,39,B
94,40,B
94,41,B
94,42,B
94,43,B
94,44,B
94,45,B
94,46,B
94,47,B
94,48,B
94,49,B
94,50,B
94,51,B
94,52,B
94,53,B
94,54,B
94,55,B
94,56,B
94,57,B
94,58,B
94,59,B
94,60,B
94,61,B
94,62,B
94,63,B
94,64,B
94,65,B
94,66,B
94,67,B
94,68,B
94,69,B
94,70,B
94,71,B
94,72,B
94,73,B
94,74,B
94,75,B
94,76,B
94,77,B
94,78,B
94,79,B
94,80,B
94,81,B
94,82,B
94,83,B
94,84,B
94,85,B
94,86,B
94,87,B
94,88,B
94,89,B
94,90,B
94,91,B
94,92,B
94,93,B
94,94,B
94,95,B
94,96,B
94,97,B
94,98,B
94,99,B
94,100,B
95,0,AM
95,1,AM
95,2,AM
95,3,AM
95,4,AM
95,5,AM
95,6,AM
95,7,AM
95,8,AM
95,9,AM
95,10,AM
95,11,AM
95,12,AM
95,13,AM
95,14,AM
95,15,AM
95,16,AM
95,17,AM
95,18,AM
95,19,AM
95,20,AM
95,21,B
95,22,B
95,23,B
95,24,B
95,25,B
95,26,B
95,27,B
95,28,B
95,29,B
95,30,B
95,31,B
95,32,B
95,33,B
95,34,B
95,35,B
95,36,B
95,37,B
95,38,B
95,39,B
95,40,B
95,41,B
95,42,B
95,43,B
95,44,B
95,45,B
95,46,B
95,47,B
95,48,B
95,49,B
95,50,B
95,51,B
95,52,B
95,53,B
95,54,B
95,55,B
95,56,B
95,57,B
95,58,B
95,59,B
95,60,B
95,61,B
95,62,B
95,63,B
95,64,B
95,65,B
95,66,B
95,67,B
95,68,B
95,69,B
95,70,B
95,71,B
95,72,B
95,73,B
95,74,B
95,75,B
95,76,B
95,77,B
95,78,B
95,79,B
95,80,B
95,81,B
95,82,B
95,83,B
95,84,B
95,85,B
95,86,B
95,87,B
95,88,B
95,89,B
95,90,B
95,91,B
95,92,B
95,93,B
95,94,B
95,95,B
95,96,B
95,97,B
95,98,B
95,99,B
95,100,B
96,0,AM
96,1,AM
96,2,AM
96,3,AM
96,4,AM
96,5,AM
96,6,AM
96,7,AM
96,8,AM
96,9,AM
96,10,AM
96,11,AM
96,12,AM
96,13,AM
96,14,AM
96,15,AM
96,16,AM
96,17,AM
96,18,AM
96,19,AM
96,20,AM
96,21,B
96,22,B
96,23,B
96,24,B
96,25,B
96,26,B
96,27,B
96,28,B
96,29,B
96,30,B
96,31,B
96,32,B
96,33,B
96,34,B
96,35,B
96,36,B
96,37,B
96,38,B
96,39,B
96,40,B
96,41,B
96,42,B
96,43,B
96,44,B
96,45,B
96,46,B
96,47,B
96,48,B
96,49,B
96,50,B
96,51,B
96,52,B
96,53,B
96,54,B
96,55,B
96,56,B
96,57,B
96,58,B
96,59,B
96,60,B
96,61,B
96,62,B
96,63,B
96,64,B
96,65,B
96,66,B
96,67,B
96,68,B
96,69,B
96,70,B
96,71,B
96,72,B
96,73,B
96,74,B
96,75,B
96,76,B
96,77,B
96,78,B
96,79,B
96,80,B
96,81,B
96,82,B
96,83,B
96,84,B
96,85,B
96,86,B
96,87,B
96,88,B
96,89,B
96,90,B
96,91,B
96,92,B
96,93,B
96,94,B
96,95,B
96,96,B
96,97,B
96,98,B
96,99,B
96,100,B
97,0,AM
97,1,AM
97,2,AM
97,3,AM
97,4,AM
97,5,AM
97,6,AM
97,7,AM
97,8,AM
97,9,AM
97,10,AM
97,11,AM
97,12,AM
97,13,AM
97,14,AM
97,15,AM
97,16,AM
97,17,AM
97,18,AM
97,19,AM
97,20,AM
97,21,B
97,22,B
97,23,B
97,24,B
97,25,B
97,26,B
97,27,B
97,28,B
97,29,B
97,30,B
97,31,B
97,32,B
97,33,B
97,34,B
97,35,B
97,36,B
97,37,B
97,38,B
97,39,B
97,40,B
97,41,B
97,42,B
97,43,B
97,44,B
97,45,B
97,46,B
97,47,B
97,48,B
97,49,B
97,50,B
97,51,B
97,52,B
97,53,B
97,54,B
97,55,B
97,56,B
97,57,B
97,58,B
97,59,B
97,60,B
97,61,B
97,62,B
97,63,B
97,64,B
97,65,B
97,66,B
97,67,B
97,68,B
97,69,B
97,70,B
97,71,B
97,72,B
97,73,B
97,74,B
97,75,B
97,76,B
97,77,B
97,78,B
97,79,B
97,80,B
97,81,B
97,82,B
97,83,B
97,84,B
97,85,B
97,86,B
97,87,B
97,88,B
97,89,B
97,90,B
97,91,B
97,92,B
97,93,B
97,94,B
97,95,B
97,96,B
97,97,B
97,98,B
97,99,B
97,100,B
98,0,AM
98,1,AM
98,2,AM
98,3,AM
98,4,AM
98,5,AM
98,6,AM
98,7,AM
98,8,AM
98,9,AM
98,10,AM
98,11,AM
98,12,AM
98,13,AM
98,14,AM
98,15,AM
98,16,AM
98,17,AM
98,18,AM
98,19,AM
98,20,AM
98,21,B
98,22,B
98,23,B
98,24,B
98,25,B
98,26,B
98,27,B
98,28,B
98,29,B
98,30,B
98,31,B
98,32,B
98,33,B
98,34,B
98,35,B
98,36,B
98,37,B
98,38,B
98,39,B
98,40,B
98,41,B
98,42,B
98,43,B
98,44,B
98,45,B
98,46,B
98,47,B
98,48,B
98,49,B
98,50,B
98,51,B
98,52,B
98,53,B
98,54,B
98,55,B
98,56,B
98,57,B
98,58,B
98,59,B
98,60,B
98,61,B
98,62,B
98,63,B
98,64,B
98,65,B
98,66,B
98,67,B
98,68,B
98,69,B
98,70,B
98,71,B
98,72,B
98,73,B
98,74,B
98,75,B
98,76,B
98,77,B
98,78,B
98,79,B
98,80,B
98,81,B
98,82,B
98,83,B
98,84,B
98,85,B
98,86,B
98,87,B
98,88,B
98,89,B
98,90,B
98,91,B
98,92,B
98,93,B
98,94,B
98,95,B
98,96,B
98,97,B
98,98,B
98,99,B
98,100,B
99,0,AM
99,1,AM
99,2,AM
99,3,AM
99,4,AM
99,5,AM
99,6,AM
99,7,AM
99,8,AM
99,9,AM
99,10,AM
99,11,AM
99,12,AM
99,13,AM
99,14,AM
99,15,AM
99,16,AM
99,17,AM
99,18,AM
99,19,AM
99,20,AM
99,21,B
99,22,B
99,23,B
99,24,B
99,25,B
99,26,B
99,27,B
99,28,B
99,29,B
99,30,B
99,31,B
99,32,B
99,33,B
99,34,B
99,35,B
99,36,B
99,37,B
99,38,B
99,39,B
99,40,B
99,41,B
99,42,B
99,43,B
99,44,B
99,45,B
99,46,B
99,47,B
99,48,B
99,49,B
99,50,B
99,51,B
99,52,B
99,53,B
99,54,B
99,55,B
99,56,B
99,57,B
99,58,B
99,59,B
99,60,B
99,61,B
99,62,B
99,63,B
99,64,B
99,65,B
99,66,B
99,67,B
99,68,B
99,69,B
99,70,B
99,71,B
99,72,B
99,73,B
99,74,B
99,75,B
99,76,B
99,77,B
99,78,B
99,79,B
99,80,B
99,81,B
99,82,B
99,83,B
99,84,B
99,85,B
99,86,B
99,87,B
99,88,B
99,89,B
99,90,B
99,91,B
99,92,B
99,93,B
99,94,B
99,95,B
99,96,B
99,97,B
99,98,B
99,99,B
99,100,B
